,"[0, 0]","[0, 1]","[0, 2]","[1, 0]","[1, 1]","[1, 2]","[2, 0]","[2, 1]","[2, 2]"
0000000000000000,-0.2807765734229378,-0.23123483027842232,-0.34863070896510656,-0.30609064387341484,-0.2759794902471652,-0.2440400602377976,-0.3178739308593155,-0.25161160199238736,-0.25092676650485446
0100000000000000,-0.11311086756120677,-0.11361512828387071,-0.1051601033092821,-0.11512110407919424,0.08201334052439994,-0.1334782519043379,-0.1806033515838181,-0.06086408560848468,-0.08135932755657907
0100000020000000,0.0,0.0,0.0,0.0,0.0,0.0,0.0,0.0,0.0
1100000020000000,0.0,0.0,0.0,0.0,-0.011062175901145324,0.0,0.0,0.0,0.0
1100002020000000,0.0,0.0,0.0,0.0,0.0,0.0,0.0,0.0,0.0
1100012020000000,0.0,0.0,0.0,-0.013657007285364597,0.0,0.0,0.0,0.0,0.0
1100012022000000,0.0,0.0,0.0,0.0,0.0,0.0,0.0,0.0,0.0
0000100000000000,-0.04723794439336907,-0.05663983017122986,-0.055005222054791164,-0.0490099501,-0.07004848408728793,-0.058585895638668964,-0.06734917162633022,-0.051986668261823105,-0.04740298841638353
0000100000200000,0.0,0.0,0.0,0.0,0.0,0.0,0.0,0.0,0.0
0100100000200000,-0.01934608019575845,-0.01,-0.03706354923155658,-0.01,-0.010417716672176402,-0.01874499540575032,-0.01648443161411665,-0.012997497215930846,-0.01
0100102000200000,0.0,0.0,0.0,0.0,0.0,0.0,0.0,0.0,0.0
0100102010200000,0.0,0.0,-0.02035115014088475,0.0,0.0,0.0,0.0,0.0,0.0
0100102012200000,0.0,0.0,0.0,0.0,0.0,0.0,0.0,0.0,0.0
0110102012200000,-0.018672687305113185,0.0,0.0,0.0,0.0,0.0,0.0,-0.01,0.0
0110122012200000,0.0,0.0,0.0,0.0,0.0,0.0,0.0,0.0,0.0
1000000000000000,-0.03940399,-0.058803703504758255,-0.037675259731656495,-0.0587930853784284,-0.06201216770532665,-0.03709255599924455,-0.05854047083480726,-0.04964573223134462,-0.04336701205056191
1020000000000000,0.0,0.0,0.0,0.0,0.0,0.0,0.0,0.0,0.0
1020100000000000,0.0,-0.016319191227461147,0.0,0.0,0.0,0.0,0.0,0.0,0.0
1020100020000000,0.0,0.0,0.0,0.0,0.0,0.0,0.0,0.0,0.0
1120100020000000,0.0,0.0,0.0,0.0,-0.012527345263620092,0.0,-0.01,0.0,0.0
1120100020200000,0.0,0.0,0.0,0.0,0.0,0.0,0.0,0.0,0.0
0010000000000000,-0.06352058057840046,-0.068436110568527,-0.06793465209301,-0.06946856844251768,-0.0645624725017241,-0.06168761042963961,-0.06225798538531027,-0.06704222321938248,-0.06276473807516024
0010020000000000,0.0,0.0,0.0,0.0,0.0,0.0,0.0,0.0,0.0
0010020001000000,0.0,-0.023572410227325466,0.0,0.0,0.0,0.0,0.0,0.0,0.0
0010020001200000,0.0,0.0,0.0,0.0,0.0,0.0,0.0,0.0,0.0
0110020001200000,0.014141424584396704,-0.01,-0.01,0.0,0.0,-0.016768390521855647,-0.01,-0.01,-0.01
0110020021200000,0.0,0.0,0.0,0.0,0.0,0.0,0.0,0.0,0.0
0110021021200000,-0.020701716693648963,0.0,0.0,0.0,0.0,0.0,0.0,0.0,0.0
0110221021200000,0.0,0.0,0.0,0.0,0.0,0.0,0.0,0.0,0.0
0000000000100000,-0.06859620910105363,-0.057117887806562316,-0.05540293308377222,-0.05901363535487719,-0.07079275750189935,-0.06643850491271698,-0.046841392087126066,-0.05852870041062591,-0.0490099501
0000200000100000,0.0,0.0,0.0,0.0,0.0,0.0,0.0,0.0,0.0
1000200000100000,0.0,0.0,0.0,0.0,0.0,-0.020137167989765458,0.0,0.0,0.0
1020200000100000,0.0,0.0,0.0,0.0,0.0,0.0,0.0,0.0,0.0
1020201000100000,0.0,-0.018346544718435394,-0.01,0.0,0.0,0.0,0.0,0.0,0.0
1020221000100000,0.0,0.0,0.0,0.0,0.0,0.0,0.0,0.0,0.0
0000000001000000,-0.04677331083150224,-0.040804224475241464,-0.042907662276953765,-0.042191277928823774,-0.06097084082449698,-0.057466815416444675,-0.05285830132998402,-0.03940399,-0.0400086901475182
2000000001000000,0.0,0.0,0.0,0.0,0.0,0.0,0.0,0.0,0.0
2000000001100000,0.0,-0.025030118340360757,0.0,0.0,-0.010466131411490762,-0.01,-0.00024197410166207513,0.0,-0.01
2000002001100000,0.0,0.0,0.0,0.0,0.0,0.0,0.0,0.0,0.0
2100002001100000,0.0,-0.01,-0.01,0.0,0.0,-0.01,-0.0021510829294339065,-0.01,0.0
2120002001100000,0.0,0.0,0.0,0.0,0.0,0.0,0.0,0.0,0.0
2100000000000000,0.0,0.0,0.0,0.0,0.0,0.0,0.0,0.0,0.0
2100001000000000,0.0,0.0,0.0,0.0,0.0,0.0,0.0,0.0,-0.022864406264164604
2100001020000000,0.0,0.0,0.0,0.0,0.0,0.0,0.0,0.0,0.0
2100001020100000,0.0,0.0,0.0,0.0,0.0,-0.01,-0.01,-0.01543615615687275,0.0
2100021020100000,0.0,0.0,0.0,0.0,0.0,0.0,0.0,0.0,0.0
0000010000000000,-0.03469822737184284,-0.06448836277705228,-0.06530281672081875,-0.05681567969896151,-0.03940399,-0.03752423272468561,-0.05243496493935057,-0.05288870350739139,-0.043802513384727966
0000012000000000,0.0,0.0,0.0,0.0,0.0,0.0,0.0,0.0,0.0
0000012001000000,-0.01,0.0,-0.029045851104586844,-0.004698862600814554,0.0,0.0,0.0,0.0,0.0005240775266821954
0200012001000000,0.0,0.0,0.0,0.0,0.0,0.0,0.0,0.0,0.0
0210012001000000,0.0,0.0,-0.01,-0.02107115453599086,-0.01,0.0,-0.01,0.0,0.0
0210012021000000,0.0,0.0,0.0,0.0,0.0,0.0,0.0,0.0,0.0
0210112021000000,-0.026013771032087504,0.0,0.0,0.0,0.0,0.0,0.0,0.0,0.0
0210112021200000,0.0,0.0,0.0,0.0,0.0,0.0,0.0,0.0,0.0
0000001000000000,-0.052616299790743226,-0.07823511586153958,-0.0415404695249633,-0.0628400221337172,-0.04428038374724938,-0.029701,-0.025085865711015197,-0.026185508746143938,-0.04772177108068617
0000021000000000,0.0,0.0,0.0,0.0,0.0,0.0,0.0,0.0,0.0
1000021000000000,0.0,-0.03013273539694435,0.0,0.0,0.0,0.0,0.0,0.0,0.0
1000021000200000,0.0,0.0,0.0,0.0,0.0,0.0,0.0,0.0,0.0
1100021000200000,0.0,0.0,0.010356723421170354,0.0,0.0,0.0,-0.03720090789746214,0.0,0.0
1100221000200000,0.0,0.0,0.0,0.0,0.0,0.0,0.0,0.0,0.0
1100221010200000,-0.01,-0.01,-0.01,0.0,-0.01,-0.01,-0.01,-0.02332444520657956,-0.01
1120221010200000,0.0,0.0,0.0,0.0,0.0,0.0,0.0,0.0,0.0
0000000010000000,-0.07527669582858725,-0.05814340638946862,-0.05759781417551145,-0.07147858608760002,-0.05117958508452396,-0.07480618644393891,-0.058519850599,-0.06375491975869911,-0.061987162711454824
0200000010000000,0.0,0.0,0.0,0.0,0.0,0.0,0.0,0.0,0.0
0200000011000000,0.0,0.0,-0.008829816406037187,-0.010065396753289714,-0.01,0.0,0.0,0.0,-0.006850581290272787
0200020011000000,0.0,0.0,0.0,0.0,0.0,0.0,0.0,0.0,0.0
1000000002000000,0.0,0.0,0.0,0.0,0.0,0.0,0.0,0.0,0.0
1010000002000000,-0.01,-0.01,-0.01,0.0,0.0,0.0,-0.013274176306361607,0.0,-0.0146748344457261
1210000002000000,0.0,0.0,0.0,0.0,0.0,0.0,0.0,0.0,0.0
1210000012000000,0.0,0.0,0.0,0.0,-0.007886261707607992,0.0,-0.01,0.0,0.0
1210200012000000,0.0,0.0,0.0,0.0,0.0,0.0,0.0,0.0,0.0
0000000002100000,0.0,0.0,0.0,0.0,0.0,0.0,0.0,0.0,0.0
0000000012100000,0.0,-0.03366425695365617,0.0,0.0,0.0,0.0,0.0,0.0,0.0
0020000012100000,0.0,0.0,0.0,0.0,0.0,0.0,0.0,0.0,0.0
0120000012100000,0.0,0.0,0.0,0.0,-0.03896396426406978,0.0,0.0,-0.01,0.0
0120200012100000,0.0,0.0,0.0,0.0,0.0,0.0,0.0,0.0,0.0
0120210012100000,-0.01,-0.01,-0.01,-0.01,-0.0199,-0.022587939137819542,-0.01,-0.01,-0.01
2120210012100000,0.0,0.0,0.0,0.0,0.0,0.0,0.0,0.0,0.0
0000200010000000,0.0,0.0,0.0,0.0,0.0,0.0,0.0,0.0,0.0
1000200010000000,0.0,-0.023700444919806843,0.0,0.0,0.0,0.0,0.0,0.0,0.0
1000200010200000,0.0,0.0,0.0,0.0,0.0,0.0,0.0,0.0,0.0
1100200010200000,-0.01,0.0,0.0,0.0,-0.01,0.0,0.0,-0.017009310384044213,0.0
1100220010200000,0.0,0.0,0.0,0.0,0.0,0.0,0.0,0.0,0.0
0100000002000000,0.0,0.0,0.0,0.0,0.0,0.0,0.0,0.0,0.0
0100100002000000,0.0,-0.01,0.0,0.0,0.0,0.0,-0.02718602385660273,0.0,0.0
0100100002200000,0.0,0.0,0.0,0.0,0.0,0.0,0.0,0.0,0.0
0100100012200000,0.0,0.0,0.0,0.0,0.0,-0.033562992415558955,0.0,0.0,0.0
2100100012200000,0.0,0.0,0.0,0.0,0.0,0.0,0.0,0.0,0.0
2100101012200000,-0.01,0.0,0.0,-0.01,-0.02052237873834716,-0.01,-0.01,-0.01,0.0
2120101012200000,0.0,0.0,0.0,0.0,0.0,0.0,0.0,0.0,0.0
0010200010000000,0.0,0.0,0.0,0.0,0.01088999619334446,0.0,0.0,-0.01,0.0
0010200012000000,0.0,0.0,0.0,0.0,0.0,0.0,0.0,0.0,0.0
0010200000000000,0.0,0.0,0.0,0.0,0.0,0.0,0.0,0.0,0.0
0010201000000000,-0.017266959897359057,0.0,-0.01,-0.01,-0.025829008522128584,-0.01,-0.017315641768174572,-0.01,-0.01
0210201000000000,0.0,0.0,0.0,0.0,0.0,0.0,0.0,0.0,0.0
0210201010000000,-0.021377335516264903,0.0,0.0,0.0,0.0,0.0,0.0,0.0,0.0
0210201010200000,0.0,0.0,0.0,0.0,0.0,0.0,0.0,0.0,0.0
1210201010200000,0.0,0.0,0.0,0.0,0.0,0.0,0.0,-0.02639177224230233,0.0
1210221010200000,0.0,0.0,0.0,0.0,0.0,0.0,0.0,0.0,0.0
0200100000000000,0.0,0.0,0.0,0.0,0.0,0.0,0.0,0.0,0.0
0210100000000000,-0.03086597612324349,0.0,0.0,0.0,0.0,0.0,0.0,0.0,0.0
0210102000000000,0.0,0.0,0.0,0.0,0.0,0.0,0.0,0.0,0.0
1210102000000000,0.0,-0.01,-0.01,-0.01,-0.01,-0.0199,-0.0013894473146061712,0.0,0.0
1210122000000000,0.0,0.0,0.0,0.0,0.0,0.0,0.0,0.0,0.0
0200010000000000,0.0,0.0,0.0,0.0,0.0,0.0,0.0,0.0,0.0
0200110000000000,-0.011245725514519042,0.0,0.0,0.0,0.0,0.0,-0.010646827000827943,0.0,0.0
0200110020000000,0.0,0.0,0.0,0.0,0.0,0.0,0.0,0.0,0.0
1200110020000000,0.0,-0.01,0.0,0.0,0.0,0.0,0.0,0.0,-0.004794582402863973
1200110022000000,0.0,0.0,0.0,0.0,0.0,0.0,0.0,0.0,0.0
0010002000000000,0.0,0.0,0.0,0.0,0.0,0.0,0.0,0.0,0.0
0010012000000000,-0.022054474820220833,0.0,0.0,0.0,0.0,0.0,-0.01,0.0,0.0
0010012020000000,0.0,0.0,0.0,0.0,0.0,0.0,0.0,0.0,0.0
1010012020000000,-0.01,0.0,-0.01,0.0,-0.01,-0.01,0.0,-0.01,0.020225900420877053
1010012022000000,0.0,0.0,0.0,0.0,0.0,0.0,0.0,0.0,0.0
0000001002000000,0.0,0.0,0.0,0.0,0.0,0.0,0.0,0.0,0.0
0000011002000000,0.0,0.0,0.0,-0.0071820122799682515,0.0,0.0,0.0,0.0,-0.015144543849471061
0020011002000000,0.0,0.0,0.0,0.0,0.0,0.0,0.0,0.0,0.0
2000001000000000,0.0,0.0,0.0,0.0,0.0,0.0,0.0,0.0,0.0
2000011000000000,-0.01,0.0,0.00830892511556249,0.0,0.0,0.0,0.0,0.0,0.0
2000011002000000,0.0,0.0,0.0,0.0,0.0,0.0,0.0,0.0,0.0
2010011002000000,0.0,0.0,0.0,0.0,0.0,0.0,0.0,0.0,0.013335850458956586
2010211002000000,0.0,0.0,0.0,0.0,0.0,0.0,0.0,0.0,0.0
0000001000200000,0.0,0.0,0.0,0.0,0.0,0.0,0.0,0.0,0.0
0000011000200000,0.0,0.007574242502400594,-0.03881145121044764,0.16395665741893228,0.0,0.0,0.0,-0.038907907773392286,-0.01
0020011000200000,0.0,0.0,0.0,0.0,0.0,0.0,0.0,0.0,0.0
0020011001200000,0.0,-0.005405163992960201,0.0,0.0,0.0,0.0,0.0,0.0,0.0
0020011021200000,0.0,0.0,0.0,0.0,0.0,0.0,0.0,0.0,0.0
0200001000000000,0.0,0.0,0.0,0.0,0.0,0.0,0.0,0.0,0.0
0200011000000000,0.0,-0.01,-0.015923113236580883,-0.01,0.0,-0.01,-0.028371797874974135,0.0,-0.0021746819612328194
0200211000000000,0.0,0.0,0.0,0.0,0.0,0.0,0.0,0.0,0.0
0200211010000000,0.0,0.0,-0.01,0.0,0.0,-0.01,0.0,0.0,-0.025939793086381755
0220211010000000,0.0,0.0,0.0,0.0,0.0,0.0,0.0,0.0,0.0
0220211010100000,-0.021223039032332344,0.0,-0.01,0.0,0.0,0.0,0.0,-0.01,0.0
0220211012100000,0.0,0.0,0.0,0.0,0.0,0.0,0.0,0.0,0.0
0000001020000000,0.0,0.0,0.0,0.0,0.0,0.0,0.0,0.0,0.0
0000011020000000,0.0,-0.019874349757532214,0.0,-0.01,-0.01,0.0,-0.01,0.0,0.0
0000211020000000,0.0,0.0,0.0,0.0,0.0,0.0,0.0,0.0,0.0
0100211020000000,-0.016556563961619135,0.0,-0.0005482957259028698,-0.01,-0.01,-0.01,-0.01,-0.0012602492214929019,0.0
0120211020000000,0.0,0.0,0.0,0.0,0.0,0.0,0.0,0.0,0.0
0200011002000000,0.0,0.0,0.0,0.0,0.0,0.0,0.0,0.0,0.0
0200011002100000,0.0,0.0,0.0,-0.0026847925447318803,0.0,0.0,0.0,0.0,0.0
0220011002100000,0.0,0.0,0.0,0.0,0.0,0.0,0.0,0.0,0.0
0000121000000000,0.0,0.0,0.0,-0.01,0.0,-0.01,0.0,0.0,-0.00881519373018208
0020121000000000,0.0,0.0,0.0,0.0,0.0,0.0,0.0,0.0,0.0
0020121000100000,0.0,0.0,0.0,0.0,0.0,0.0,0.0,-0.010882955222447015,0.0
2020121000100000,0.0,0.0,0.0,0.0,0.0,0.0,0.0,0.0,0.0
0020000001000000,0.0,0.0,0.0,0.0,0.0,0.0,0.0,0.0,0.0
0020001001000000,0.0,0.0,0.0,0.0,0.0,0.0,-0.010079337934132626,0.0,0.0
0020201001000000,0.0,0.0,0.0,0.0,0.0,0.0,0.0,0.0,0.0
0020201011000000,0.0,0.0,-0.01,0.0,0.0,-0.01,0.0,0.0,0.008621205488224228
0220201011000000,0.0,0.0,0.0,0.0,0.0,0.0,0.0,0.0,0.0
2000011020000000,0.0,0.0,0.0,0.0,0.0,0.0,0.0,0.0,0.0
2010011020000000,0.0,0.0,0.0,0.0,0.0,0.0,0.0,0.0,-0.0029448463114542626
2010011022000000,0.0,0.0,0.0,0.0,0.0,0.0,0.0,0.0,0.0
0000021000100000,0.0,0.0,0.009045254744904719,-0.01,0.0,0.0,0.0,0.0,0.0
0000221000100000,0.0,0.0,0.0,0.0,0.0,0.0,0.0,0.0,0.0
1000020000000000,0.0,0.0,0.0,0.0,0.0,0.0,0.0,0.0,0.0
1000020001000000,0.0,-0.00649172281851655,0.0,0.0,0.0,0.0,0.0,0.0,-0.013615500080861927
1000020021000000,0.0,0.0,0.0,0.0,0.0,0.0,0.0,0.0,0.0
0000010002000000,0.0,0.0,0.0,0.0,0.0,0.0,0.0,0.0,0.0
0000010012000000,0.0,-0.01932962529987062,0.0,0.0,0.0,0.0,0.0,-0.01,0.0
2000010012000000,0.0,0.0,0.0,0.0,0.0,0.0,0.0,0.0,0.0
2100010012000000,0.0,0.0,-0.0087848421553298,0.0,0.0,0.0,0.0,-0.01,-0.01
2100010012200000,0.0,0.0,0.0,0.0,0.0,0.0,0.0,0.0,0.0
0100020000000000,0.0,0.0,0.0,0.0,0.0,0.0,0.0,0.0,0.0
0100020010000000,0.0,0.0,-0.031225920330088093,0.0,0.0,-0.018980169778331557,-0.01,-0.022966940133994442,0.0
0100020010200000,0.0,0.0,0.0,0.0,0.0,0.0,0.0,0.0,0.0
0110020010200000,0.0,-0.01,0.0,-0.03129327682675616,-0.01,0.0,-0.01,-0.017002541734450486,-0.0199
0110022010200000,0.0,0.0,0.0,0.0,0.0,0.0,0.0,0.0,0.0
0110122010200000,-0.026292053294270933,-0.01,0.0,0.0,0.0,0.0,-0.01,0.0,-0.01
0000000020100000,0.0,0.0,0.0,0.0,0.0,0.0,0.0,0.0,0.0
0000001020100000,0.0,0.0,-0.006944224510633467,0.0,0.0,-0.01,0.0,0.0,-0.01
0000201020100000,0.0,0.0,0.0,0.0,0.0,0.0,0.0,0.0,0.0
0000010020000000,0.0,0.0,0.0,0.0,0.0,0.0,0.0,0.0,0.0
1000010020000000,-0.01,0.0,-0.027218893510570514,0.0,0.0,0.0,0.0,0.0,0.0
1200010020000000,0.0,0.0,0.0,0.0,0.0,0.0,0.0,0.0,0.0
1210010020000000,-0.01,0.0,0.0,0.0,-0.01,-0.01,-0.01,0.0,-0.008428428811737458
1210012020000000,0.0,0.0,0.0,0.0,0.0,0.0,0.0,0.0,0.0
0000000010200000,0.0,0.0,0.0,0.0,0.0,0.0,0.0,0.0,0.0
0000100010200000,0.0,0.0,0.0,-0.01,-0.030517002908939075,-0.022449633377829466,-0.0199,-0.027900630046062056,0.0
0200100010200000,0.0,0.0,0.0,0.0,0.0,0.0,0.0,0.0,0.0
0200110010200000,-0.01,0.0,0.0,-0.01,0.0,0.0,0.0,-0.029835866839289946,0.0
2200110010200000,0.0,0.0,0.0,0.0,0.0,0.0,0.0,0.0,0.0
2200110011200000,0.0,-0.01,-0.022906406365516017,0.0,0.0,-0.01,-0.01,0.0,0.0
2200112011200000,0.0,0.0,0.0,0.0,0.0,0.0,0.0,0.0,0.0
1000002000000000,0.0,0.0,0.0,0.0,0.0,0.0,0.0,0.0,0.0
1010002000000000,0.0,0.0,0.0,0.014993717056026548,0.0,0.0,0.0,0.0,-0.015114380544069512
1010202000000000,0.0,0.0,0.0,0.0,0.0,0.0,0.0,0.0,0.0
1010202000100000,0.0,0.0,0.0,0.0,0.0,0.0,-0.01,-0.010691023539200593,0.0
1010202020100000,0.0,0.0,0.0,0.0,0.0,0.0,0.0,0.0,0.0
0000201000000000,0.0,0.0,0.0,0.0,0.0,0.0,0.0,0.0,0.0
0000201001000000,-0.020166065242842434,0.0,0.0,0.0,0.0,0.0,0.0,0.0,0.0
0000201001200000,0.0,0.0,0.0,0.0,0.0,0.0,0.0,0.0,0.0
1000201001200000,0.0,0.0,-0.018390588695080663,-0.01,0.0,0.0,0.0,0.0,0.0
1000201021200000,0.0,0.0,0.0,0.0,0.0,0.0,0.0,0.0,0.0
1010201021200000,0.0,0.0,0.0,0.0,-0.022704430487753887,0.0,0.0,0.0,0.0
1210201021200000,0.0,0.0,0.0,0.0,0.0,0.0,0.0,0.0,0.0
0000120000000000,0.0,0.0,0.0,0.0,0.0,0.0,0.0,0.0,0.0
1000120000000000,-0.01,0.0,0.0,0.0,0.0,0.0,-0.0051826679159675815,0.0,0.0
1000120000200000,0.0,0.0,0.0,0.0,0.0,0.0,0.0,0.0,0.0
0200000001000000,0.0,0.0,0.0,0.0,0.0,0.0,0.0,0.0,0.0
0200010001000000,0.0,0.0,-0.031193009654219266,-0.028620495415177628,0.0,0.0,0.0,0.0,0.0
0200112001000000,-0.020083028891277464,-0.01,-0.01,-0.01,0.0,0.0,-3.938497797987123e-06,0.0,0.0
0220112001000000,0.0,0.0,0.0,0.0,0.0,0.0,0.0,0.0,0.0
2010000000000000,0.0,0.0,0.0,0.0,0.0,0.0,0.0,0.0,0.0
2010000010000000,-0.01,-0.024808864298535568,-0.01,-0.01,0.0,0.0,0.0,0.0,0.0
2010200010000000,0.0,0.0,0.0,0.0,0.0,0.0,0.0,0.0,0.0
2110200010000000,-0.01,0.0,0.0,0.0,-0.01,-0.011228391353050017,-0.01,0.0,0.0
2110220010000000,0.0,0.0,0.0,0.0,0.0,0.0,0.0,0.0,0.0
2110221010000000,0.0,0.0,-0.01,0.0,0.0,0.0,0.0,0.0,-0.004768162403673246
2110221012000000,0.0,0.0,0.0,0.0,0.0,0.0,0.0,0.0,0.0
0010021000000000,0.0,0.0,0.0,0.0,0.0,0.0,0.0,0.0,-0.0023753724763464503
0010221000000000,0.0,0.0,0.0,0.0,0.0,0.0,0.0,0.0,0.0
2000000000100000,0.0,0.0,0.0,0.0,0.0,0.0,0.0,0.0,0.0
2000200001100000,0.0,0.0,0.0,0.0,0.0,0.0,0.0,0.0,0.0
0000020000100000,0.0,0.0,0.0,0.0,0.0,0.0,0.0,0.0,0.0
0000020001100000,0.0,0.0,0.0,0.0,0.0,-0.01922405546784025,0.0,0.0,0.0
0000220001100000,0.0,0.0,0.0,0.0,0.0,0.0,0.0,0.0,0.0
0000221001100000,0.0,0.0,0.0,-0.01,-0.01,0.0,-0.00858619389140141,0.0,0.0
0200221001100000,0.0,0.0,0.0,0.0,0.0,0.0,0.0,0.0,0.0
1000001020000000,0.0,-0.031020971404160297,0.0,0.0,0.0,0.0,-0.01,0.0,0.0
1020001020000000,0.0,0.0,0.0,0.0,0.0,0.0,0.0,0.0,0.0
1120001020000000,0.0,0.0,0.0,0.0,0.0,0.0,0.0,0.0,-0.03829749556069172
1120201020000000,0.0,0.0,0.0,0.0,0.0,0.0,0.0,0.0,0.0
1120201020100000,-0.01,-0.0199,0.0,-0.01,-0.029394700801445073,0.0,-0.01,-0.01,-0.01
1120201022100000,0.0,0.0,0.0,0.0,0.0,0.0,0.0,0.0,0.0
0000002000100000,0.0,0.0,0.0,0.0,0.0,0.0,0.0,0.0,0.0
0010002000100000,-0.032785429395699936,0.0,-0.01,0.0,0.0,0.0,0.0,0.0,0.0
0210002000100000,0.0,0.0,0.0,0.0,0.0,0.0,0.0,0.0,0.0
1210002000100000,0.0,0.0,0.0,-0.01,0.0,-0.01,-0.034104311477097055,0.0,0.0
1210202000100000,0.0,0.0,0.0,0.0,0.0,0.0,0.0,0.0,0.0
1210202010100000,0.0,-0.01,-0.01,0.0,-0.028175614684634514,-0.01,-0.01,0.0,0.0
1210202012100000,0.0,0.0,0.0,0.0,0.0,0.0,0.0,0.0,0.0
0000100002000000,0.0,0.0,0.0,0.0,0.0,0.0,0.0,0.0,0.0
0000100012000000,0.0,0.0,-0.02706061003370559,0.0,0.0,0.0,0.0,0.0,0.0
2000100012000000,0.0,0.0,0.0,0.0,0.0,0.0,0.0,0.0,0.0
2010100012000000,0.0,0.0,-0.0199,0.0,-0.008162643875799512,0.0,0.0,-0.01,-0.01
2010100012200000,0.0,0.0,0.0,0.0,0.0,0.0,0.0,0.0,0.0
1020000000100000,-0.01,0.0,0.0,0.0,0.0,-0.029926635069869707,0.0,0.0,0.0
1020020000100000,0.0,0.0,0.0,0.0,0.0,0.0,0.0,0.0,0.0
1020021000100000,-0.01,-0.02311726616731086,0.0,0.0,-0.01,-0.01,0.0,0.0,0.0
1120221000100000,-0.01,0.0,0.0,0.0,-0.01,0.0,-0.0159119566749853,0.0,0.0
1120221002100000,0.0,0.0,0.0,0.0,0.0,0.0,0.0,0.0,0.0
0000020001000000,0.0,0.0,0.0,0.0,0.0,0.0,0.0,0.0,0.0
0000020011000000,0.0,0.0,0.0,-0.03183966702700885,0.0,0.0,0.0,0.0,-0.008310024283879263
0000022011000000,0.0,0.0,0.0,0.0,0.0,0.0,0.0,0.0,0.0
0000002010000000,0.0,0.0,0.0,0.0,0.0,0.0,0.0,0.0,0.0
0000012010000000,-0.035888610172226394,0.0,-0.009716797740306139,0.0,0.0,-0.01,0.0,-0.004115671327447666,0.0
0200012010000000,0.0,0.0,0.0,0.0,0.0,0.0,0.0,0.0,0.0
0200012011000000,0.0,0.0,-0.005081075712898353,0.0,0.0,0.0,0.0,0.0,0.0
0200012011200000,0.0,0.0,0.0,0.0,0.0,0.0,0.0,0.0,0.0
0000200001000000,0.0,0.0,0.0,0.0,0.0,0.0,0.0,0.0,0.0
0000200011000000,0.0,-0.022696132059903545,-0.01,0.0,0.0,0.0,0.0,0.0,0.0
0020200011000000,0.0,0.0,0.0,0.0,0.0,0.0,0.0,0.0,0.0
0120200011000000,-0.015119518554088872,0.0,0.0,0.0,0.0,0.0,-0.01,-0.01,0.0
0120200011200000,0.0,0.0,0.0,0.0,0.0,0.0,0.0,0.0,0.0
0110000002000000,-0.0018410458756694605,-0.01,0.0,0.0,0.0,-0.019977046697440232,0.0,0.0,0.0
2110000002000000,0.0,0.0,0.0,0.0,0.0,0.0,0.0,0.0,0.0
2110001002000000,0.0,0.0,0.0,0.0,0.0,0.0,-0.024663020614123714,0.0,0.0
2110001002200000,0.0,0.0,0.0,0.0,0.0,0.0,0.0,0.0,0.0
2110001012200000,0.0,0.0,0.0,0.0,-0.030448173597683634,0.0,0.0,0.0,0.0
2110201012200000,0.0,0.0,0.0,0.0,0.0,0.0,0.0,0.0,0.0
2000000010000000,0.0,0.0,0.0,0.0,0.0,0.0,0.0,0.0,0.0
2000000010100000,0.0,0.0,0.0,0.0,0.0,-0.03525589286360335,0.0,-0.01,0.0
2000000012100000,0.0,0.0,0.0,0.0,0.0,0.0,0.0,0.0,0.0
2000001012100000,0.0,0.0,0.0,0.0,-0.035497437455464555,-0.01,-0.01,0.0,-0.01
2000201012100000,0.0,0.0,0.0,0.0,0.0,0.0,0.0,0.0,0.0
2000211012100000,0.0,-0.027559847852486184,0.0,-0.0199,-0.01,-0.01,0.0,0.0,-0.01
2020211012100000,0.0,0.0,0.0,0.0,0.0,0.0,0.0,0.0,0.0
0210211000000000,0.0,-0.01,-0.01,0.0,0.0,0.0,-0.00237488872063108,0.0,0.0
0210211002000000,0.0,0.0,0.0,0.0,0.0,0.0,0.0,0.0,0.0
0000101020000000,0.0,-0.00839472869275498,0.0,-0.01,0.0,-0.01,-0.01,-0.003829975618308542,0.0
2000101020000000,0.0,0.0,0.0,0.0,0.0,0.0,0.0,0.0,0.0
2100101020000000,0.0,0.0,0.0,0.0,-0.010363862583648126,0.0,0.0,0.0,0.0
2120101020000000,0.0,0.0,0.0,0.0,0.0,0.0,0.0,0.0,0.0
0020100000000000,0.0,0.0,0.0,0.0,0.0,0.0,0.0,0.0,0.0
0020100001000000,0.0,0.0,0.0,0.0,-0.01,0.0,0.0,-0.01,-0.030957809141572173
0020120001000000,0.0,0.0,0.0,0.0,0.0,0.0,0.0,0.0,0.0
0020120001100000,-0.038219517458731075,0.0,0.0,0.0,0.0,0.0,0.0,0.0,0.0
0220120001100000,0.0,0.0,0.0,0.0,0.0,0.0,0.0,0.0,0.0
1220120001100000,-0.0199,-0.01,-0.01,-0.01,-0.01,-0.01,-0.023359837968384343,0.0,-0.01
1220122001100000,0.0,0.0,0.0,0.0,0.0,0.0,0.0,0.0,0.0
0110200000000000,0.0,-0.01,0.0,-0.0199,-0.01880636152642012,0.0,0.0,-0.0061804990949371865,0.0
0110200020000000,0.0,0.0,0.0,0.0,0.0,0.0,0.0,0.0,0.0
0100010002000000,0.0,0.0,0.0,0.0,0.0,-0.006919474219719653,-0.028563501685949698,-0.01,-0.03411147756431862
0120010002000000,0.0,0.0,0.0,0.0,0.0,0.0,0.0,0.0,0.0
0120010012000000,-0.019950629191825553,-0.01,0.0,0.0,-0.01,0.0,0.0,0.0,-0.01
0120010012200000,0.0,0.0,0.0,0.0,0.0,0.0,0.0,0.0,0.0
0000120000100000,0.0,-0.01,-0.031222669916407136,-0.01,0.0,0.0,-0.02339071765711717,0.0,0.0
0000120020100000,0.0,0.0,0.0,0.0,0.0,0.0,0.0,0.0,0.0
0010120020100000,-0.03116370380984365,0.0,-0.01,0.0,0.0,0.0,0.0,0.0,-0.01
0210120020100000,0.0,0.0,0.0,0.0,0.0,0.0,0.0,0.0,0.0
1210120020100000,0.0,-0.01,-0.01,0.0,0.0,0.0,0.0,-0.031052748677357703,0.0
1210122020100000,0.0,0.0,0.0,0.0,0.0,0.0,0.0,0.0,0.0
1200000000000000,0.0,0.0,0.0,0.0,0.0,0.0,0.0,0.0,0.0
1200001000000000,0.0,0.0,0.0,0.0,0.0,0.0,-0.033785454544512455,0.0,0.0
1200201000000000,0.0,0.0,0.0,0.0,0.0,0.0,0.0,0.0,0.0
1200201010000000,-0.01,0.0,0.0,0.0,0.0,-0.01,-0.01,-0.032081524965658685,0.0
1200221010000000,0.0,0.0,0.0,0.0,0.0,0.0,0.0,0.0,0.0
1200221011000000,0.0,-0.01,0.0,0.0,-0.01,0.0,0.0,-0.01,-0.02812319889744604
1220221011000000,0.0,0.0,0.0,0.0,0.0,0.0,0.0,0.0,0.0
0210001000000000,0.0,0.0,0.0,-0.03407226674711997,0.0,0.0,0.0,0.0,0.0
0210021000000000,0.0,0.0,0.0,0.0,0.0,0.0,0.0,0.0,0.0
0210121000000000,0.0,-0.01,-0.01,-0.01,-0.01,-0.01,0.0,-0.01521675247158641,-0.01
0210121000200000,0.0,0.0,0.0,0.0,0.0,0.0,0.0,0.0,0.0
0000000021000000,0.0,0.0,0.0,0.0,0.0,0.0,0.0,0.0,0.0
1000000021000000,-0.01,0.0,-0.02312448351512695,0.0,0.0,0.0,0.0,0.0,0.0
1010020021000000,0.0,0.0,0.0,0.0,-0.01,-0.022899685284448912,-0.01,-0.01,-0.014182444557065844
1010020021200000,0.0,0.0,0.0,0.0,0.0,0.0,0.0,0.0,0.0
1010021021200000,0.0,-0.02827121640055424,0.0,0.0,0.0,0.0,0.0,0.0,0.0
1010221021200000,0.0,0.0,0.0,0.0,0.0,0.0,0.0,0.0,0.0
1010200000000000,-0.01,0.006825253163060641,-0.01,0.0,0.0,0.0,0.0,-0.01,-0.010495999677040029
0000210000000000,0.0,0.0,0.0,0.0,0.0,0.0,0.0,0.0,0.0
0010210000000000,0.0,0.0,-0.01,0.0,0.0,-0.012173908111930235,0.017460419875029963,0.0,0.0
0010210020000000,0.0,0.0,0.0,0.0,0.0,0.0,0.0,0.0,0.0
0010211020000000,-0.015029516187568178,0.0,0.0,0.0,0.0,0.0,0.0,-0.02957085726966924,0.0
0010211020200000,0.0,0.0,0.0,0.0,0.0,0.0,0.0,0.0,0.0
2000010000000000,0.0,0.0,0.0,0.0,0.0,0.0,0.0,0.0,0.0
2010010000000000,-0.01,-0.036805392518222686,0.0,0.0,0.0,-0.01,0.0,-0.012296603900464824,-0.01
2010010000200000,0.0,0.0,0.0,0.0,0.0,0.0,0.0,0.0,0.0
2010010001200000,0.0,0.0,0.0,0.0,0.0,-0.015180992469709663,0.0,0.0,0.0
2010210001200000,0.0,0.0,0.0,0.0,0.0,0.0,0.0,0.0,0.0
0000010010200000,0.0,0.0,0.03455295302806521,0.0,0.0,-0.028558919452848525,0.0,0.0,0.0
2000010010200000,0.0,0.0,0.0,0.0,0.0,0.0,0.0,0.0,0.0
2000011010200000,0.0,-0.035257925250430276,0.0,0.0,0.0,0.0,0.0,0.0,0.0
2020011010200000,0.0,0.0,0.0,0.0,0.0,0.0,0.0,0.0,0.0
2120011010200000,-0.01,-0.01,-0.01,-0.01,-0.01,-0.01,-0.01,-0.012838954229625941,0.0
2120211010200000,0.0,0.0,0.0,0.0,0.0,0.0,0.0,0.0,0.0
0020000001100000,0.0,0.0,0.0,0.0,0.0,-0.024180739565277744,-0.005698928111775775,0.0,0.0
0220000001100000,0.0,0.0,0.0,0.0,0.0,0.0,0.0,0.0,0.0
0120000001000000,-0.01,0.0,0.0,-0.014214782607743648,0.0,-0.013468426894130128,0.0,0.0,0.0
2120000001000000,0.0,0.0,0.0,0.0,0.0,0.0,0.0,0.0,0.0
2120100001000000,0.0,0.0,0.0,0.0,0.0,-0.01754911433054768,0.0,0.0,0.0
2120100021000000,0.0,0.0,0.0,0.0,0.0,0.0,0.0,0.0,0.0
2120101021000000,0.0,0.0,0.0,0.0,-0.021665573247589755,0.0,0.0,0.0,0.0
2120101021200000,0.0,0.0,0.0,0.0,0.0,0.0,0.0,0.0,0.0
0100002000000000,0.0,0.0,0.0,0.0,0.0,0.0,0.0,0.0,0.0
0100002000100000,0.008974226641596316,-0.01,-0.01,-0.0199,-0.028259806885071837,0.0,-0.001944923496624562,0.0,-0.0199
0120002000100000,0.0,0.0,0.0,0.0,0.0,0.0,0.0,0.0,0.0
0120002010100000,0.0,0.0,0.0,0.0,0.0,0.0,0.0,-0.007477581827040732,0.0
0120202010100000,0.0,0.0,0.0,0.0,0.0,0.0,0.0,0.0,0.0
0100002020100000,0.0,0.0,0.0,0.0,0.0,0.0,0.0,0.0,0.0
0100012020100000,-0.01,0.0,-0.030156339736569414,-0.019245128763865263,-0.01,-0.01,-0.01,-0.01,-0.01
2100012020100000,0.0,0.0,0.0,0.0,0.0,0.0,0.0,0.0,0.0
2100112020100000,0.0,0.0,0.0,0.0,0.0,-0.01,-0.01,-0.008625847015689919,0.0
2120112020100000,0.0,0.0,0.0,0.0,0.0,0.0,0.0,0.0,0.0
0010202010000000,0.0,0.0,0.0,0.0,0.0,0.0,0.0,0.0,0.0
0000210000100000,0.0,-0.01,0.0,0.0,-0.01,0.00828447143862643,0.0,0.0,0.0
0200210000100000,0.0,0.0,0.0,0.0,0.0,0.0,0.0,0.0,0.0
0200211000100000,0.034513004593082354,0.0,0.0,-0.01,0.0,0.0,0.0,0.0,0.0
0220211000100000,0.0,0.0,0.0,0.0,0.0,0.0,0.0,0.0,0.0
0100200000000000,0.0,0.0,0.0,0.0,0.0,0.0,0.0,0.0,0.0
1100200000000000,0.0,0.0,0.05567815890764201,0.0,-0.01,0.0,-0.037934743162622464,-0.019958373592782745,-0.0054398527030098355
1100200000200000,0.0,0.0,0.0,0.0,0.0,0.0,0.0,0.0,0.0
0000110020000000,0.0,-0.0014495161318867804,0.0,0.0,0.0,0.0,0.0,0.0,0.0
0000110020200000,0.0,0.0,0.0,0.0,0.0,0.0,0.0,0.0,0.0
0100110020200000,0.008476245145564457,-0.0199,0.0,0.0,0.0,0.0,0.0,0.0,0.0
0120110020200000,0.0,0.0,0.0,0.0,0.0,0.0,0.0,0.0,0.0
1100200020000000,0.0,0.0,0.0,0.0,0.0,0.0,0.0,0.0,0.0
0000200001100000,0.0,-0.0053086519461462605,0.0,0.0,-0.015262422134060458,0.0,-0.01,0.0,0.0
0100220001100000,-0.006553891291538587,0.0,0.0,0.0,0.0,0.0,0.0,0.0,0.0
0100220021100000,0.0,0.0,0.0,0.0,0.0,0.0,0.0,0.0,0.0
0000100020000000,0.0,0.0,0.0,0.0,0.0,0.0,0.0,0.0,0.0
2000101021000000,-0.01,0.0,0.0,0.0,0.0,0.0,0.0,0.0,0.006508191406327474
2000121021000000,0.0,0.0,0.0,0.0,0.0,0.0,0.0,0.0,0.0
1100220000000000,0.0,0.0,0.0,0.0,0.0,0.0,0.0,0.0,0.0
0100200001000000,0.0020596437341902697,0.0,0.0,0.0,-0.010425308695194781,0.0,0.0,0.0,0.0
0100220001000000,0.0,0.0,0.0,0.0,0.0,0.0,0.0,0.0,0.0
1100002000000000,0.0,0.0,0.0,-0.023232332983290964,-0.014603975947395398,-0.01,-0.01,0.0,0.0
1100102020000000,-0.01,-0.01,0.011240571421442679,0.0,0.0,0.0,0.0,0.0,0.0
1100102020200000,0.0,0.0,0.0,0.0,0.0,0.0,0.0,0.0,0.0
0200211020100000,0.0,0.0,0.0,0.0,0.0,0.0,0.0,0.0,0.0
1100220010000000,0.0,-0.01,-0.01,0.0,0.0,0.0,0.0,0.008734967750365717,0.0
1120220010000000,0.0,0.0,0.0,0.0,0.0,0.0,0.0,0.0,0.0
1100202000000000,0.0,0.0,0.0,0.0,0.0,0.0,0.0,0.0,0.0
0100202001000000,0.0,0.0,0.0,0.0,0.0,0.0,0.0,0.0,0.0
1100202000100000,0.0,0.0,0.0,0.0,-0.006715867534580043,0.0,0.0,0.0,0.0
1100202020100000,0.0,0.0,0.0,0.0,0.0,0.0,0.0,0.0,0.0
1100020000000000,-0.01,-0.01,0.0,0.0,0.0,0.0,0.0,-0.01830134084182324,-0.0002056865517781472
1120020000000000,0.0,0.0,0.0,0.0,0.0,0.0,0.0,0.0,0.0
1120020001000000,0.0,0.0,-0.01,-0.015548454262800207,0.0,0.0,0.0,0.0,0.0
1120020001200000,0.0,0.0,0.0,0.0,0.0,0.0,0.0,0.0,0.0
0100020000100000,0.0,0.0,0.0,0.0,0.0,-0.029493056410678804,0.0,0.0,0.0
0100020002100000,0.0,0.0,0.0,0.0,0.0,0.0,0.0,0.0,0.0
0100021002100000,-0.01,-0.01,-0.006111931249070765,-0.03371255835573579,-0.01,-0.01,-0.01,-0.01,-0.01
2100021002100000,0.0,0.0,0.0,0.0,0.0,0.0,0.0,0.0,0.0
0100000000200000,0.0,0.0,0.0,0.0,0.0,0.0,0.0,0.0,0.0
1100000000200000,-0.01,-0.01,0.0,0.0,0.03355854775841867,-0.02249761909485483,-0.02378769951705981,-0.02803379637611348,-0.01
1100000002200000,0.0,0.0,0.0,0.0,0.0,0.0,0.0,0.0,0.0
1100000012200000,-0.01,0.0,0.0,0.0,-0.023910531195030952,0.0,0.0,0.0,0.0
1100002012200000,0.0,0.0,0.0,0.0,0.0,0.0,0.0,0.0,0.0
1100012012200000,0.0,0.0,-0.009141512067855165,-0.01,0.0,-0.01,0.0,-0.01,0.0
1100212012200000,0.0,0.0,0.0,0.0,0.0,0.0,0.0,0.0,0.0
0120000000000000,0.0,0.0,0.0,0.0,0.0,0.0,0.0,0.0,0.0
1120000000000000,0.0,0.0,0.0,0.0,0.0,0.0023288411489668075,0.0,0.0,0.0
1100000002000000,0.0,0.0,0.0014353675876101514,0.0,0.0,0.0,0.0,0.0,0.0
1100002002000000,0.0,0.0,0.0,0.0,0.0,0.0,0.0,0.0,0.0
0000100002100000,0.0,0.0,0.0,-0.01,-0.03014905712572077,0.0,0.0,0.0,0.0
0020100002100000,0.0,0.0,0.0,0.0,0.0,0.0,0.0,0.0,0.0
0020110002100000,0.0,0.0,0.0,0.0,-0.01,0.0,-0.033606244666545874,0.0,0.0
0220110002100000,0.0,0.0,0.0,0.0,0.0,0.0,0.0,0.0,0.0
2100000001000000,0.0,0.0,-0.03364446097598,0.0,0.0,0.0,0.0,0.0,0.0
2100002001000000,0.0,0.0,0.0,0.0,0.0,0.0,0.0,0.0,0.0
2110002001000000,-0.01,-0.01,0.0,-0.03175398882525799,0.0,0.0,0.0,-0.01,0.0
2110002021000000,0.0,0.0,0.0,0.0,0.0,0.0,0.0,0.0,0.0
2110102021000000,-0.01,-0.01,-0.01,0.0,0.0,0.0,-0.01,0.0,-0.021434955149835237
2110122021000000,0.0,0.0,0.0,0.0,0.0,0.0,0.0,0.0,0.0
1100002000200000,0.0,0.0,0.0,0.0,0.0,0.0,0.0,0.0,0.0
1100102000200000,-0.01,0.0,-0.009955656905088305,0.0,0.0,0.0,0.0,0.0,0.0
1100102002200000,0.0,0.0,0.0,0.0,0.0,0.0,0.0,0.0,0.0
0000002001000000,0.0,0.0,0.0,0.0,0.0,0.0,0.0,0.0,0.0
0000102001000000,0.0,-0.02993155576368899,0.0,0.0,0.0,0.0,-0.01,-0.01,0.0
0000102021000000,0.0,0.0,0.0,0.0,0.0,0.0,0.0,0.0,0.0
0100102021000000,0.0,0.0,-0.023128697221070506,0.0,0.0,-0.01,-0.01,-0.01,0.0
0100102021200000,0.0,0.0,0.0,0.0,0.0,0.0,0.0,0.0,0.0
0110102021200000,-0.01593346621933671,0.0,-0.01,0.0,0.0,0.0,0.0,0.0,-0.01
0110122021200000,0.0,0.0,0.0,0.0,0.0,0.0,0.0,0.0,0.0
0110000022000000,0.0,0.0,0.0,0.0,0.0,0.0,0.0,0.0,0.0
0100001002000000,0.0,0.0,-0.012424109122925438,0.0,0.0,0.0,0.0,0.0,-0.03419112424176134
0100001022000000,0.0,0.0,0.0,0.0,0.0,0.0,0.0,0.0,0.0
0110001022000000,0.0,-0.01,-0.01,0.0,0.004209104824570503,0.0,0.0,0.0,0.0
0110201022000000,0.0,0.0,0.0,0.0,0.0,0.0,0.0,0.0,0.0
0100021000000000,-0.0058964797893862305,0.0,-0.008289618259842738,0.0,-0.01,-0.01,-0.021017970163987442,0.0,0.0
0100221000000000,0.0,0.0,0.0,0.0,0.0,0.0,0.0,0.0,0.0
1100221000000000,0.0,0.0,0.020002805003058566,0.0,0.0,0.0,0.0,0.0,-0.02711057089926291
1100221002000000,0.0,0.0,0.0,0.0,0.0,0.0,0.0,0.0,0.0
1100221002100000,0.0,0.0,0.0,0.0,0.0,0.0,-0.028975111872066625,-0.01,0.0
0100012000000000,0.0,-0.0199,-0.022189925148264296,-0.027405864233855222,0.0,-0.0199,-0.014095803973940044,0.3783942513123599,-0.04282614841825384
0100212000000000,0.0,0.0,0.0,0.0,0.0,0.0,0.0,0.0,0.0
0100212010000000,0.0,0.0,0.0,0.0,0.0,0.0,0.0,0.0,-0.017402227145436846
0100212012000000,0.0,0.0,0.0,0.0,0.0,0.0,0.0,0.0,0.0
0100212012100000,0.0,0.0,-0.005158102490091711,-0.01,-0.01,0.0,0.0,0.0,0.0
2100212012100000,0.0,0.0,0.0,0.0,0.0,0.0,0.0,0.0,0.0
0000000012000000,0.0,0.0,0.0,0.0,0.0,0.0,0.0,0.0,0.0
0010000012000000,-0.022566442450819506,0.0,0.0,-0.019201696941754217,0.0,0.0,0.0,0.0,0.0
0010020012000000,0.0,0.0,0.0,0.0,0.0,0.0,0.0,0.0,0.0
0020000010000000,0.0,0.0,0.0,0.0,0.0,0.0,0.0,0.0,0.0
0020001010000000,0.0,0.0,0.0,0.0,-0.015295752968048925,0.0,0.0,-0.022816688890268905,0.0
2020001010000000,0.0,0.0,0.0,0.0,0.0,0.0,0.0,0.0,0.0
2020001011000000,0.0,-0.015410220506101602,0.0,0.0,-0.01,0.0,0.0,-0.01,0.0
2020021011000000,0.0,0.0,0.0,0.0,0.0,0.0,0.0,0.0,0.0
0010000002000000,0.0,0.0,0.0,0.0,0.0,0.0,0.0,0.0,0.0
0010000002100000,0.0,0.0,0.0,0.0,-0.029130017567924504,0.0,0.0,0.0,0.0
0010000022100000,0.0,0.0,0.0,0.0,0.0,0.0,0.0,0.0,0.0
0010010022100000,-0.01,0.0,0.0,-0.021266678054118218,0.0,0.0,0.0,-0.01,-0.01
2010010022100000,0.0,0.0,0.0,0.0,0.0,0.0,0.0,0.0,0.0
2010110022100000,0.0,-0.026255158091503975,0.0,0.0,0.0,0.0,0.0,0.0,0.0
2010112022100000,0.0,0.0,0.0,0.0,0.0,0.0,0.0,0.0,0.0
1020000010000000,0.0,0.0,-0.01,0.0,-0.025581825143124175,0.0,0.0,0.0,0.0
1220000010000000,0.0,0.0,0.0,0.0,0.0,0.0,0.0,0.0,0.0
1220010010000000,0.0,0.0,0.0,-0.01,0.0,-0.026645061946538925,0.0,0.0,0.0
1220210010000000,0.0,0.0,0.0,0.0,0.0,0.0,0.0,0.0,0.0
1220211010000000,0.0,0.0,0.0,0.0,0.0,-0.01,-0.01,-0.022550126818478265,0.0
1220211010200000,0.0,0.0,0.0,0.0,0.0,0.0,0.0,0.0,0.0
0020000000100000,0.0,0.0,0.0,0.0,0.0,0.0,0.0,0.0,0.0
0020010000100000,0.0017216265586290679,-0.01,-0.01,0.0,0.0,0.0,0.0,0.0,-0.01
0220010000100000,0.0,0.0,0.0,0.0,0.0,0.0,0.0,0.0,0.0
0020001000000000,0.0,0.0,0.0,0.0,0.0,0.0,0.0,0.0,0.0
0020001012000000,0.0,0.0,0.0,0.0,0.0,0.0,0.0,0.0,0.0
0020011012000000,0.0,0.0,-0.01,0.0,0.0,0.0,0.0,0.0,-0.010967463752551315
0220011012000000,0.0,0.0,0.0,0.0,0.0,0.0,0.0,0.0,0.0
0100000010200000,-0.0199,-0.0199,-0.004466027646320964,-0.019051806880799618,-0.020913572153132238,-0.016112076374112275,-0.0199,-0.023576053163153227,-0.0199
0120000010200000,0.0,0.0,0.0,0.0,0.0,0.0,0.0,0.0,0.0
0120010010200000,0.0,0.0,0.0,0.0,0.0,-0.02581922488041017,0.0,0.0,0.0
0120210010200000,0.0,0.0,0.0,0.0,0.0,0.0,0.0,0.0,0.0
0120211010200000,-0.03187558627211135,0.0,0.0,0.0,0.0,0.0,0.0,0.0,0.0
0120211012200000,0.0,0.0,0.0,0.0,0.0,0.0,0.0,0.0,0.0
0010201000200000,0.0,0.0,0.0,0.0,0.0,0.0,0.0,0.0,0.0
1010201000200000,0.0,0.0,0.0,0.0,0.0,0.0,0.0,-0.021317234441184014,0.0
1010221000200000,0.0,0.0,0.0,0.0,0.0,0.0,0.0,0.0,0.0
1010221001200000,0.0,-0.020145152326145405,-0.01,0.0,0.0,0.0,0.0,0.0,0.0
0200002011000000,0.0,0.0,0.0,0.0,0.0,0.0,0.0,0.0,0.0
0210002011000000,0.0,0.0,0.0,-0.01,0.0,0.0,0.0,0.0,-0.0011123554428245418
0210202011000000,0.0,0.0,0.0,0.0,0.0,0.0,0.0,0.0,0.0
0100001000200000,-0.009070257771594013,-0.01,-0.013367588653594322,-0.03324094352794441,-0.02137463868997762,-0.01,-0.027532202957349868,-0.017582515958402725,-0.01
0100001020200000,0.0,0.0,0.0,0.0,0.0,0.0,0.0,0.0,0.0
0100011020200000,0.0,-0.01,-0.01263289563653842,0.0,-0.01,0.0,-0.01,0.04559769017927929,-0.01
0100211020200000,0.0,0.0,0.0,0.0,0.0,0.0,0.0,0.0,0.0
0200001000100000,-0.023957986400030187,0.0,0.0,0.0,0.0,0.0,0.0,0.0,0.0
0220001000100000,0.0,0.0,0.0,0.0,0.0,0.0,0.0,0.0,0.0
1220001000100000,-0.01,0.0,0.0,-0.017493920115365935,0.0,-0.01,0.0,0.0,0.0
1220021000100000,0.0,0.0,0.0,0.0,0.0,0.0,0.0,0.0,0.0
1200010000000000,0.0,-0.01,0.0,-0.01184712481564163,-0.01,0.0,0.0,0.0,0.0
1220010000000000,0.0,0.0,0.0,0.0,0.0,0.0,0.0,0.0,0.0
1220110000000000,0.0,0.0,0.0,-0.01,0.0,-0.00571120990038352,0.0,0.0,0.0
1220110000200000,0.0,0.0,0.0,0.0,0.0,0.0,0.0,0.0,0.0
2000100000000000,0.0,0.0,0.0,0.0,0.0,0.0,0.0,0.0,0.0
2000110000000000,0.0,0.0,0.0,-0.01,0.0,0.0,0.0,-0.024504421654857115,0.0
2000110020000000,0.0,0.0,0.0,0.0,0.0,0.0,0.0,0.0,0.0
2000110021000000,-0.01,0.0,0.0,0.0,0.0,0.0,0.0,0.0,-0.025002928905436837
2020110021000000,0.0,0.0,0.0,0.0,0.0,0.0,0.0,0.0,0.0
2020110021100000,0.0,-0.025762732670990454,0.0,0.0,0.0,-0.01,0.0,0.0,0.0
2020112021100000,0.0,0.0,0.0,0.0,0.0,0.0,0.0,0.0,0.0
0100012000200000,0.0,0.0,0.0,0.0,0.0,0.0,0.0,0.0,0.0
0110012000200000,0.022959064768660935,-0.01,-0.0199,-0.016263769477949372,-0.01,0.0,0.0,0.0,-0.01
0110012020200000,0.0,0.0,0.0,0.0,0.0,0.0,0.0,0.0,0.0
0000021001000000,0.0,0.0,0.0,0.0,0.0,0.0,-0.02576958187032328,-0.01,0.0
0000221001000000,0.0,0.0,0.0,0.0,0.0,0.0,0.0,0.0,0.0
0000221011000000,0.0,-0.013460193333478894,0.0,0.0,-0.01,0.0,-0.01,-0.01,0.0
2000221011000000,0.0,0.0,0.0,0.0,0.0,0.0,0.0,0.0,0.0
1000000000200000,0.0,0.0,0.0,0.0,0.0,0.0,0.0,0.0,0.0
1000000001200000,0.0,0.0,0.0031520753763591976,0.0,-0.01675426471564882,0.0,0.0,0.0,0.0
1000002001200000,0.0,0.0,0.0,0.0,0.0,0.0,0.0,0.0,0.0
0020200001100000,0.0,0.0,0.0,0.0,0.0,0.0,0.0,0.0,0.0
0020201001100000,-0.02985276489540464,0.0,0.0,0.0,0.0,0.0,0.0,0.0,0.0
0020201021100000,0.0,0.0,0.0,0.0,0.0,0.0,0.0,0.0,0.0
1020201021100000,0.0,0.0,0.0,-0.01,-0.02858598582985621,0.0,0.0,-0.01,0.0
1220201021100000,0.0,0.0,0.0,0.0,0.0,0.0,0.0,0.0,0.0
1000000012000000,-0.01,0.0,0.0,0.0,-0.01,-0.026332332042723627,0.0,0.0,0.0
1000020012000000,0.0,0.0,0.0,0.0,0.0,0.0,0.0,0.0,0.0
1000021012000000,0.0,-0.015890102334118743,-0.027788952968638366,-0.01,0.0,0.0,0.0,0.0,0.0
1000221012000000,0.0,0.0,0.0,0.0,0.0,0.0,0.0,0.0,0.0
1120200000000000,0.0,0.0,0.0,0.0,0.0,0.0,0.0,0.0,0.0
1120200010000000,-0.01,-0.01,-0.01,-0.01,-0.016114044742727315,-0.0037458835411266667,0.0,-0.01,-0.01
1120200010200000,0.0,0.0,0.0,0.0,0.0,0.0,0.0,0.0,0.0
2000101000000000,-0.01,-0.01,0.0,0.0,0.0,-0.01,-0.011865786362725972,0.0,0.0
2200101000000000,0.0,0.0,0.0,0.0,0.0,0.0,0.0,0.0,0.0
0000102000000000,0.0,0.0,0.0,0.0,0.0,0.0,0.0,0.0,0.0
1000102000000000,-0.0199,-0.009346590000000002,0.0,0.0,0.0,-0.01,0.0,0.0,-0.000747458580503785
1020102000000000,0.0,0.0,0.0,0.0,0.0,0.0,0.0,0.0,0.0
1020102000100000,0.0,0.0,0.0,0.0,-0.0009227883709923287,0.0,0.0,0.0,0.0
1220102000100000,0.0,0.0,0.0,0.0,0.0,0.0,0.0,0.0,0.0
0220110000000000,0.0,0.0,0.0,0.0,0.0,0.0,0.0,0.0,0.0
0220110010000000,0.0,0.0,-0.01,0.0,0.0,0.0,0.0,-0.0038817665002712273,0.0
0220112010000000,0.0,0.0,0.0,0.0,0.0,0.0,0.0,0.0,0.0
0010000020000000,0.0,0.0,0.0,0.0,0.0,0.0,0.0,0.0,0.0
1010000020000000,0.0,0.0,0.0,0.0,-0.029667513255221,-0.007684386181989709,0.0,-0.02710043884581816,-0.01
1010000022000000,0.0,0.0,0.0,0.0,0.0,0.0,0.0,0.0,0.0
0010000000200000,0.0,0.0,0.0,0.0,0.0,0.0,0.0,0.0,0.0
0010000001200000,0.0,0.0,-0.01,0.0,0.0,0.0,-0.002510251942926887,0.0,-0.01
2010000001200000,0.0,0.0,0.0,0.0,0.0,0.0,0.0,0.0,0.0
2010000011200000,0.0,0.0,0.0,0.0,0.006040158116622026,0.0,0.0,0.0,0.0
2010002011200000,0.0,0.0,0.0,0.0,0.0,0.0,0.0,0.0,0.0
1000002000100000,0.0,0.0,-0.007847821340589927,0.0,0.0,0.0,-0.01964135242179098,0.0,0.0
1000002002100000,0.0,0.0,0.0,0.0,0.0,0.0,0.0,0.0,0.0
1010002002100000,0.0,0.0,0.0,0.0,0.0,0.0,-0.009688668321715957,0.0,0.0
1010022002100000,0.0,0.0,0.0,0.0,0.0,0.0,0.0,0.0,0.0
0000002001100000,0.0,-0.018804854876073935,0.0,0.0,0.0,0.0,0.008827275748447149,0.0,0.0
0020002001100000,0.0,0.0,0.0,0.0,0.0,0.0,0.0,0.0,0.0
0120002001100000,-0.01,0.0,0.0,0.0,-0.00779739402130048,-0.01,0.0,0.0,0.0
2010000001000000,-0.01,0.0,0.0,-0.029392246597767454,0.0,0.0,0.0,0.0,0.0
2210000001000000,0.0,0.0,0.0,0.0,0.0,0.0,0.0,0.0,0.0
2210100001000000,-0.01,-0.01,-0.01,0.0,-0.021875851119455628,0.0,0.0,0.0,0.0
2210102001000000,0.0,0.0,0.0,0.0,0.0,0.0,0.0,0.0,0.0
2210112001000000,0.0,0.0,0.0,0.0,0.0,-0.01,-0.013576015248081339,0.0,-0.01
2210112001200000,0.0,0.0,0.0,0.0,0.0,0.0,0.0,0.0,0.0
0000002011000000,-0.029399920772381537,-0.018744050264298692,0.0,-0.002880529491104431,0.0,-0.01,0.0,-0.01,0.0
1000022011000000,0.0,0.0,0.0,-0.008846566915015515,0.0,0.0,0.0,0.0,0.0
1020022011000000,0.0,0.0,0.0,0.0,0.0,0.0,0.0,0.0,0.0
0000020010000000,0.0,0.0,0.0,0.0,0.0,0.0,0.0,0.0,0.0
0000020011200000,0.0,0.0,0.0,0.0,0.0,0.0,0.0,0.0,0.0
0000120011200000,0.0,-0.014544046707009926,-0.034445222279089,0.0,-0.01,0.0,-0.01,-0.01,-0.0199
0000122011200000,0.0,0.0,0.0,0.0,0.0,0.0,0.0,0.0,0.0
2100021000000000,0.0,0.0,0.0,0.0,0.0,0.0,0.0,0.0,0.0
1000200000000000,0.0,0.0,0.0,0.0,0.0,0.0,0.0,0.0,0.0
1100200002000000,0.0,0.0,0.0,0.0,0.0,0.0,0.0,0.0,0.0
1200100000000000,0.0,0.0,-0.010598724233599336,-0.01,0.0,-0.008534411898540744,0.0,0.0,0.0
1200100002000000,0.0,0.0,0.0,0.0,0.0,0.0,0.0,0.0,0.0
0200100001000000,0.0,0.0,0.0,0.0,-3.190183216369595e-06,0.0,0.0,0.0,0.0
0200102001000000,0.0,0.0,0.0,0.0,0.0,0.0,0.0,0.0,0.0
0200000000100000,0.0,0.0,0.0,0.0,0.0,0.0,0.0,0.0,0.0
1200000000100000,0.0,-0.01,0.0,0.0,-0.005405582093912408,-0.02140008839702587,0.0,0.0,-0.01
1200002000100000,0.0,0.0,0.0,0.0,0.0,0.0,0.0,0.0,0.0
1220000000100000,0.0,0.0,0.0,0.0,0.0,0.0,0.0,0.0,0.0
1200100020000000,0.0,0.0,0.0,0.0,0.0,0.0,0.0,0.0,0.0
1210100020000000,0.0,0.0,-0.01,-0.01,-0.01,0.011109467168493972,0.0,0.0,0.0
1210120020000000,0.0,0.0,0.0,0.0,0.0,0.0,0.0,0.0,0.0
0200000001100000,0.012581207818007143,0.0,0.0,0.0,0.0,0.0,0.0,0.0,0.0
1220000001100000,0.0,0.0,0.0,0.0,0.0,0.0,0.015532355330873007,0.0,0.0
1220020001100000,0.0,0.0,0.0,0.0,0.0,0.0,0.0,0.0,0.0
1000000020100000,-0.01,0.0,0.0,0.0,0.018296074796087844,0.0,0.0,0.0,0.0
1200000020100000,0.0,0.0,0.0,0.0,0.0,0.0,0.0,0.0,0.0
2000001000100000,0.0,0.0,0.0,0.0,-0.025136210352620873,0.0,0.0,-0.01,0.0
2000001002100000,0.0,0.0,0.0,0.0,0.0,0.0,0.0,0.0,0.0
2000011002100000,0.0,-0.02596587464200713,-0.01,0.0,0.0,0.0,0.0,0.0,0.0
2020011002100000,0.0,0.0,0.0,0.0,0.0,0.0,0.0,0.0,0.0
2120011002100000,0.0,0.0,0.0,0.0,0.0,-0.01,-0.027230414025311907,0.0,0.0
2120211002100000,0.0,0.0,0.0,0.0,0.0,0.0,0.0,0.0,0.0
0200010000100000,0.0,0.0,0.0,-0.008327197343527796,-0.01,-0.032758819200358606,0.0,0.0,0.0
0200010020100000,0.0,0.0,0.0,0.0,0.0,0.0,0.0,0.0,0.0
0200011020100000,0.0,-0.01,-0.01,0.0,0.0,0.0,-0.01,-0.02969659240495292,0.0
0220011020100000,0.0,0.0,0.0,0.0,0.0,0.0,0.0,0.0,0.0
1200020000100000,0.0,0.0,0.0,0.0,0.0,0.0,0.0,0.0,0.0
1200021000100000,0.0,0.0,0.0,0.0,0.0,0.0,-0.02641986221855047,0.0,0.0
1200221000100000,0.0,0.0,0.0,0.0,0.0,0.0,0.0,0.0,0.0
1200221010100000,-0.01,0.0,0.0,0.0,-0.01,-0.01,0.0,-0.014970831851630367,0.0
1220221010100000,0.0,0.0,0.0,0.0,0.0,0.0,0.0,0.0,0.0
0200100000100000,-0.017963722386331895,0.0,0.0,0.0,0.0,0.0,0.0,0.0,0.0
0200100002100000,0.0,0.0,0.0,0.0,0.0,0.0,0.0,0.0,0.0
0220100000100000,0.0,0.0,0.0,0.0,0.0,0.0,0.0,0.0,0.0
1220100000100000,0.0,0.0,0.0,-0.01,0.0,0.0,-0.006691140043573008,0.0,-0.01
1220100002100000,0.0,0.0,0.0,0.0,0.0,0.0,0.0,0.0,0.0
0200000010100000,0.0,0.0,0.0,-0.01,0.0,-0.017902796005647332,0.0,0.0,0.0
0200200010100000,0.0,0.0,0.0,0.0,0.0,0.0,0.0,0.0,0.0
0200201010100000,0.0,-0.01,0.018289877895873552,0.0,0.0,-0.01,-0.01,0.0,-0.01
0200221010100000,0.0,0.0,0.0,0.0,0.0,0.0,0.0,0.0,0.0
1010000000200000,0.0,-0.004400357540685216,-0.01,0.011660738742489404,0.0,0.0,0.0,0.0,-0.01
1010000020200000,0.0,0.0,0.0,0.0,0.0,0.0,0.0,0.0,0.0
0110000000200000,0.0,-0.0199,-0.01,-0.00038038550739961203,0.0,0.0,-0.02729444670333747,-0.01388799041372934,0.0
0110020000200000,0.0,0.0,0.0,0.0,0.0,0.0,0.0,0.0,0.0
0110220010200000,0.0,0.0,0.0,0.0,0.0,0.0,0.0,0.0,0.0
1010000021200000,-0.01,0.0023568343907013995,0.0,0.0,0.0,-0.01,-0.01,-0.01,-0.01
1010002021200000,0.0,0.0,0.0,0.0,0.0,0.0,0.0,0.0,0.0
1010200002000000,0.0,0.0,0.0,0.0,0.0,0.0,0.0,0.0,0.0
1010200002100000,0.0,0.0,0.0,-0.01,-2.603195035026924e-05,0.0,0.0,0.0,-0.01
1210200002100000,0.0,0.0,0.0,0.0,0.0,0.0,0.0,0.0,0.0
0200010002100000,0.0,0.0,0.0,0.0,0.0,0.0,0.0,0.0,0.0
0200110002100000,0.0,0.0,-0.00034628462662368646,0.0,0.0,0.0,-0.01,0.0,0.0
0200110022100000,0.0,0.0,0.0,0.0,0.0,0.0,0.0,0.0,0.0
0210110022100000,-0.0004275118847205992,0.0,0.0,0.0,0.0,0.0,0.0,0.0,0.0
0210112022100000,0.0,0.0,0.0,0.0,0.0,0.0,0.0,0.0,0.0
1010002000200000,0.0,0.0,0.0,0.0,0.0,0.0,0.0,0.0,0.0
1010002002000000,0.0,0.0,0.0,0.0,0.0,0.0,0.0,0.0,0.0
1010102002000000,0.0,0.018510761797563655,0.0,0.0,0.0,0.0,0.0,0.0,0.0
1010102002200000,0.0,0.0,0.0,0.0,0.0,0.0,0.0,0.0,0.0
1010020000000000,-0.01,-0.009979768603323641,0.0,0.0,0.0,0.0,0.0,0.0,-0.017448953483915664
1010220000000000,0.0,0.0,0.0,0.0,0.0,0.0,0.0,0.0,0.0
1010020020000000,0.0,0.0,0.0,0.0,0.0,0.0,0.0,0.0,0.0
1010200020000000,0.0,0.0,0.0,0.0,0.0,0.0,0.0,0.0,0.0
1010210020000000,0.0,0.0,0.0,0.0,0.0,-0.03287229577079866,-0.01,0.0,0.0
1010210020200000,0.0,0.0,0.0,0.0,0.0,0.0,0.0,0.0,0.0
1010211020200000,-0.01,0.0,0.0,-0.01,0.0,0.0,0.0,-0.029960204798871022,-0.01
1210211020200000,0.0,0.0,0.0,0.0,0.0,0.0,0.0,0.0,0.0
1210020000000000,0.0,0.0,0.0,0.0,0.0,0.0,0.0,0.0,0.0
0200120000100000,0.0,0.0,0.0,0.0,0.0,0.0,0.0,0.0,0.0
0200120010100000,0.0,-0.01,-0.01,-0.01,-0.01,0.0,0.0,0.00255067231179474,0.0
0220120010100000,0.0,0.0,0.0,0.0,0.0,0.0,0.0,0.0,0.0
0010100000200000,-0.009677732301113332,-0.013550427245888905,-0.01,0.0,0.0,0.0,-0.0144812780638939,0.0,0.0
0010100002200000,0.0,0.0,0.0,0.0,0.0,0.0,0.0,0.0,0.0
0010100012200000,0.023512291246836632,0.0,-0.01,-0.01,0.0,0.0,0.0,-0.01,0.0
0210100012200000,0.0,0.0,0.0,0.0,0.0,0.0,0.0,0.0,0.0
0010000010200000,-0.02060753256971098,0.0,0.0,0.0007917226444396633,0.0,0.0,-0.01,0.0,0.0
0010000012200000,0.0,0.0,0.0,0.0,0.0,0.0,0.0,0.0,0.0
1010000012200000,0.0,0.0,0.0,0.0058502840442784905,0.0,0.0,0.0,0.0,0.0
1010020012200000,0.0,0.0,0.0,0.0,0.0,0.0,0.0,0.0,0.0
0210000012000000,0.0,0.0,0.0,0.0,0.0,0.0,0.0,0.0,0.0
0210100012000000,0.0,0.0,0.0,0.0,0.0,-0.010094106218220565,0.0,0.0,0.0
0010002012000000,0.0,0.0,0.0,0.0,0.0,0.0,0.0,0.0,0.0
0010102012000000,-0.017157793251537875,-0.01,0.0,0.0,0.0,0.0,0.0,0.0,0.0
0210102012000000,0.0,0.0,0.0,0.0,0.0,0.0,0.0,0.0,0.0
0020010010000000,0.0,0.0,0.0,0.0,0.0,0.0,0.0,0.0,-0.035352028865795165
0020012010000000,0.0,0.0,0.0,0.0,0.0,0.0,0.0,0.0,0.0
0020012010100000,0.0,0.0,-0.01,-0.03175403320784536,0.0,-0.01,-0.01,0.0,-0.01
0020012012100000,0.0,0.0,0.0,0.0,0.0,0.0,0.0,0.0,0.0
0020112012100000,-0.01,-0.02143508243785265,-0.01,0.0,-0.01,-0.01,0.0,0.0,0.0
2020112012100000,0.0,0.0,0.0,0.0,0.0,0.0,0.0,0.0,0.0
0200101000000000,0.0,0.0,0.0,-0.01,0.0,0.0,-0.002654600828299758,0.0,0.0
0200101002000000,0.0,0.0,0.0,0.0,0.0,0.0,0.0,0.0,0.0
0200001010000000,0.0,0.0,0.0,-0.0053684241938590695,0.0,0.0,0.0,0.0,0.0
0200001010200000,0.0,0.0,0.0,0.0,0.0,0.0,0.0,0.0,0.0
0200101010200000,0.0,0.0,0.0,0.0,-0.0066276841899494746,0.0,0.0,0.0,0.0
0200101012200000,0.0,0.0,0.0,0.0,0.0,0.0,0.0,0.0,0.0
0210000000100000,0.0,0.0,-0.01,0.0,0.0,0.0,-0.021502891312690117,0.0,-0.01
0210002010100000,0.0,0.0,0.0,-0.020428122714052924,-0.01,0.0,0.0,0.0,0.0
0210022010100000,0.0,0.0,0.0,0.0,0.0,0.0,0.0,0.0,0.0
0000211000200000,0.0,0.0,0.0,0.0,0.0,0.0,0.0,0.0,0.0
0010211000200000,-0.039105629131642304,-0.01,-0.01,0.0,-0.01,-0.01,0.0,0.0,-0.01
0210211000200000,0.0,0.0,0.0,0.0,0.0,0.0,0.0,0.0,0.0
1210211000200000,0.0,-0.0199,-0.01,-0.01,-0.01,-0.01,-0.01,-0.029292483473772928,-0.01
0000001021000000,0.0,0.0,0.0,0.0,-0.02534724306403795,0.0,-0.01,0.0,0.0
0200001021000000,0.0,0.0,0.0,0.0,0.0,0.0,0.0,0.0,0.0
0200011021000000,0.0,0.0,-0.01,0.0,0.0,0.0,-0.01,-0.01,-0.012479076081167585
0220011021000000,0.0,0.0,0.0,0.0,0.0,0.0,0.0,0.0,0.0
0000112000000000,-0.01721320586060777,0.0,0.0,0.0,0.0,0.0,0.0,0.0,-0.01
0000112000200000,0.0,0.0,0.0,0.0,0.0,0.0,0.0,0.0,0.0
0110002000000000,0.0,-0.01,-0.01,-0.03431949191292625,-0.01,0.0,0.0,-0.004614899173959874,-0.015457198824226512
0110022000000000,0.0,0.0,0.0,0.0,0.0,0.0,0.0,0.0,0.0
0110022000100000,0.0,0.0,0.0,0.0,0.0,0.0,-0.019082961511390762,0.0,0.0
2110022000100000,0.0,0.0,0.0,0.0,0.0,0.0,0.0,0.0,0.0
1000100020000000,-0.01,0.0,0.0,-0.01,0.0,0.0,-0.01,0.0,-0.0100551224337674
1000102020000000,0.0,0.0,0.0,0.0,0.0,0.0,0.0,0.0,0.0
1000102020100000,0.0,-0.012413731399712838,0.0,0.0,0.0,0.0,0.0,0.0,0.0
1000102022100000,0.0,0.0,0.0,0.0,0.0,0.0,0.0,0.0,0.0
1100102022100000,0.0,0.0,0.0,0.0,-0.015325594320633122,0.0,0.0,0.0,0.0
1120102022100000,0.0,0.0,0.0,0.0,0.0,0.0,0.0,0.0,0.0
2100200001000000,0.0,0.0,0.0,0.0,0.0,0.0,0.0,0.0,0.0
0200010010000000,-0.022803295919448296,-0.01,0.0,0.0,0.0,0.0,0.0,0.0,-0.01
0200010010200000,0.0,0.0,0.0,0.0,0.0,0.0,0.0,0.0,0.0
1200010010200000,-0.01,0.0,0.0,0.0,0.0,0.0,0.0,-0.015321166262008969,-0.01
1200210010200000,0.0,0.0,0.0,0.0,0.0,0.0,0.0,0.0,0.0
1200210011200000,0.0,0.0,-0.01891502007655428,0.0,0.0,0.0,0.0,0.0,0.0
1200212011200000,0.0,0.0,0.0,0.0,0.0,0.0,0.0,0.0,0.0
0100002010000000,-0.01,-0.01,0.0,0.0,0.0,0.0,0.0,-0.02307734983631005,0.0
2100002010000000,0.0,0.0,0.0,0.0,0.0,0.0,0.0,0.0,0.0
2100002011000000,0.0,0.0,0.0,0.0,0.0013702432376621722,0.0,0.0,0.0,0.0
2100002011200000,0.0,0.0,0.0,0.0,0.0,0.0,0.0,0.0,0.0
0000021010000000,0.0,0.0,0.0,-0.016547607649360207,0.0,0.0,0.0,0.0,0.0
0200021010000000,0.0,0.0,0.0,0.0,0.0,0.0,0.0,0.0,0.0
1000200001000000,0.0,0.0,0.0,0.0,0.0,0.0,0.0,0.0,-0.03146238560119247
1000220001000000,0.0,0.0,0.0,0.0,0.0,0.0,0.0,0.0,0.0
1000220001100000,0.0,0.0,0.0,-0.01,0.0,-0.03161477116216556,0.0,-0.01,0.0
1000220021100000,0.0,0.0,0.0,0.0,0.0,0.0,0.0,0.0,0.0
1000221021100000,0.0,0.0,-0.02703890306108461,0.0,-0.01,0.0,-0.01,-0.01,0.0
1200221021100000,0.0,0.0,0.0,0.0,0.0,0.0,0.0,0.0,0.0
0000001002100000,0.0,-0.03257723572513057,0.0,0.0,0.0,0.0,0.0,0.0,0.0
0000021002100000,0.0,0.0,0.0,0.0,0.0,0.0,0.0,0.0,0.0
0100021022100000,0.0,0.0,0.0,0.0,0.0,0.0,0.0,0.0,0.0
0100121022100000,-0.01,-0.01,-0.013644379980589667,0.0,0.0,-0.01,-0.01,-0.01,-0.01
2100121022100000,0.0,0.0,0.0,0.0,0.0,0.0,0.0,0.0,0.0
2000012001000000,0.0,0.0,0.0,0.0,0.0,0.0,0.0,0.0,0.0
2000112001000000,0.0,0.003576653972449229,0.0,0.0,0.0,0.0,0.0,0.0,0.0
2000112021000000,0.0,0.0,0.0,0.0,0.0,0.0,0.0,0.0,0.0
1000020010000000,0.0,0.0,0.0,0.0,0.0,-0.012870982890636188,0.0,0.0,0.0
1000021012200000,0.0,0.0,0.0,0.0,0.0,0.0,0.0,0.0,0.0
1100021012200000,-0.0199,-0.0199,-0.0199,-0.02650668942923118,-0.0199,-0.0199,-0.0199,-0.0199,-0.0199
1120021012200000,0.0,0.0,0.0,0.0,0.0,0.0,0.0,0.0,0.0
0100100020000000,0.0,0.0,0.0,0.0,0.0,-0.004293656547696527,0.0,0.0,0.0
0100120020000000,0.0,0.0,0.0,0.0,0.0,0.0,0.0,0.0,0.0
0100121020000000,0.0,0.0,0.0,0.0,0.0,0.0,0.0,-0.00530081055271176,0.0
2100121020000000,0.0,0.0,0.0,0.0,0.0,0.0,0.0,0.0,0.0
2020000001100000,0.0,0.0,0.0,0.0,0.0,0.0,0.0,0.0,0.0
2020010001100000,0.0,-0.0036063578897892958,0.0,0.0,0.0,-0.01,0.0,0.0,0.0
2020012001100000,0.0,0.0,0.0,0.0,0.0,0.0,0.0,0.0,0.0
0000000001200000,0.0,0.0,0.0,0.0,0.0,0.0,0.0,0.0,0.0
0000010001200000,0.0,-0.00632111717763667,0.008620887020259316,-0.034807261193369,-0.01,-0.01,0.0,-0.01,-0.01
0000210001200000,0.0,0.0,0.0,0.0,0.0,0.0,0.0,0.0,0.0
0120100000000000,0.0,0.0,-0.01,0.0,0.0,0.0,-0.00881322238144329,0.0,-0.01
0120100000200000,0.0,0.0,0.0,0.0,0.0,0.0,0.0,0.0,0.0
0010010020000000,0.0,0.0,0.0,-0.017120030564079465,0.0,0.0,0.0,0.0,0.0
0010112020000000,0.0,-0.02113584020256725,0.0,0.0,0.0,0.0,0.0,0.0,0.0
2010112020000000,0.0,0.0,0.0,0.0,0.0,0.0,0.0,0.0,0.0
2110112020000000,-0.0199,-0.0199,-0.029701,-0.0199,-0.0199,-0.0199,-0.029701,-0.0199,-0.03386559498214324
2110112022000000,0.0,0.0,0.0,0.0,0.0,0.0,0.0,0.0,0.0
0100020012000000,0.0,0.0,0.0,0.0,0.0,0.0,0.0,0.0,0.0
0100021012000000,0.0,0.0,0.0,-0.02343230836831058,0.0,0.0,0.0,0.0,0.0
0100021012200000,0.0,0.0,0.0,0.0,0.0,0.0,0.0,0.0,0.0
0100121012200000,-0.008030573033217962,0.0,0.0,0.0,0.0,-0.01,0.0,-0.01,-0.01
0120121012200000,0.0,0.0,0.0,0.0,0.0,0.0,0.0,0.0,0.0
1000020001200000,0.0,0.0,0.0,0.0,0.0,0.0,0.0,0.0,0.0
1010020001200000,0.0,0.003891451081924933,0.0,0.0,0.0,0.0,0.0,0.0,0.0
2010021000000000,0.0,0.0,0.0,0.0,0.0,0.0,0.0,0.0,0.0
1000002001000000,0.0,-0.03307802227873921,-0.01,0.0,0.0,-0.01,0.0,-0.01,0.0
1020002001000000,0.0,0.0,0.0,0.0,0.0,0.0,0.0,0.0,0.0
1120002001000000,-0.01,-0.01,0.0,0.0,0.0,0.0,0.0,0.0,-0.03465487660669614
1120202001000000,0.0,0.0,0.0,0.0,0.0,0.0,0.0,0.0,0.0
1120202001100000,-0.01,0.0,-0.01,0.0,-0.02438841982152077,-0.01,-0.01,-0.01,0.0
1120202021100000,0.0,0.0,0.0,0.0,0.0,0.0,0.0,0.0,0.0
1200002010100000,0.0,-0.01,0.0,0.0,-0.009371411731106505,-0.01,0.0,0.0,0.0
1200002012100000,0.0,0.0,0.0,0.0,0.0,0.0,0.0,0.0,0.0
2010000000100000,0.0,0.0,-0.01,0.0,0.0,0.0,0.0,-0.03333332883566239,0.0
2010020000100000,0.0,0.0,0.0,0.0,0.0,0.0,0.0,0.0,0.0
2010020001100000,0.0,-0.031031211031526368,-0.01,0.0,0.0,0.0,-0.01,-0.01,0.0
2010020021100000,0.0,0.0,0.0,0.0,0.0,0.0,0.0,0.0,0.0
2110020021100000,-0.01,0.0,-0.01,-0.019362048681846118,-0.01,0.0,0.0,0.0,-0.01
2110022021100000,0.0,0.0,0.0,0.0,0.0,0.0,0.0,0.0,0.0
2000010000100000,0.0,-0.007727764196716389,0.0,0.0,0.0,0.0,0.0,0.0,0.0
2000010020100000,0.0,0.0,0.0,0.0,0.0,0.0,0.0,0.0,0.0
2100010020100000,0.0,0.0,0.0,0.0,0.0,0.0,0.0,-0.009540449625575785,0.0
2010100000000000,0.0,0.0,0.0,0.0,0.0,-0.01,0.0,0.0,-0.03376588294705414
2010102000000000,0.0,0.0,0.0,0.0,0.0,0.0,0.0,0.0,0.0
2010102000100000,0.0,-0.03594920780868271,-0.01,0.0,0.0,0.0,-0.01,0.0,0.0
2010102020100000,0.0,0.0,0.0,0.0,0.0,0.0,0.0,0.0,0.0
2110102020100000,-0.01,-0.01,0.0,0.0,-0.023421316399234587,-0.01,-0.01,-0.01,-0.01
2110102022100000,0.0,0.0,0.0,0.0,0.0,0.0,0.0,0.0,0.0
0100202000100000,0.0,0.0,0.0,0.0,0.0,0.0,0.0,0.0,0.0
2010210000000000,0.0,0.0,0.0,0.0,0.0,0.0,0.0,0.0,0.0
2010012000000000,0.0,0.0,0.0,0.0,0.0,0.0,0.0,0.0,0.0
2110012000000000,0.0,-0.01,-0.01,-0.041668581306716385,0.0,0.0,0.0,0.0,0.0
2110012020000000,0.0,0.0,0.0,0.0,0.0,0.0,0.0,0.0,0.0
0000210002100000,0.0,0.0,0.0,0.0,0.0,0.0,0.0,0.0,0.0
0000211002100000,-0.0107369971795017,0.0,-0.0003381956599727004,-0.01,0.0,-0.01,0.0,0.0,0.0
0200211002100000,0.0,0.0,0.0,0.0,0.0,0.0,0.0,0.0,0.0
0200120011000000,0.0,-0.01,0.0,0.0,0.0,-0.002995574993582852,0.0,0.0,0.0
2200120011000000,0.0,0.0,0.0,0.0,0.0,0.0,0.0,0.0,0.0
0020100010000000,0.0,0.0,-0.01,0.0,-0.006262243299854442,0.0,-0.01,-0.00038347413602256845,0.0
0020100012000000,0.0,0.0,0.0,0.0,0.0,0.0,0.0,0.0,0.0
0020110012000000,-0.007734412146139563,0.0,0.0,0.0,0.0,0.0,0.0,0.0,0.0
0020112012000000,0.0,0.0,0.0,0.0,0.0,0.0,0.0,0.0,0.0
0000201010000000,0.0,0.0,0.0,0.0,0.0,0.0,0.0,0.0,-0.02696605551037962
0000221010000000,0.0,0.0,0.0,0.0,0.0,0.0,0.0,0.0,0.0
0000221010100000,0.0,-0.03329142655602425,0.0,0.0,0.0,0.0,0.0,0.0,0.0
0000221012100000,0.0,0.0,0.0,0.0,0.0,0.0,0.0,0.0,0.0
0100221012100000,-0.01,-0.01,-0.030933869634400805,0.0,0.0,0.0,0.0,0.0,-0.01
2100221012100000,0.0,0.0,0.0,0.0,0.0,0.0,0.0,0.0,0.0
0100201002000000,0.0,0.0,0.0,0.0,0.0,0.0,0.0,0.0,0.0
0100201002100000,0.0,-0.01,-0.01,0.0,-0.03674937432708681,0.0,0.0,0.0,0.0
0120201002100000,0.0,0.0,0.0,0.0,0.0,0.0,0.0,0.0,0.0
0120211002100000,-0.020887701273125118,-0.01,-0.01,-0.01,-0.01,-0.01,-0.01,0.0,-0.01
0120211022100000,0.0,0.0,0.0,0.0,0.0,0.0,0.0,0.0,0.0
0020010000000000,0.0,0.0,0.0,0.0,0.0,0.0,0.0,0.0,0.0
1020010000000000,0.0,0.0,0.0,0.0,0.0,-0.011110486709250095,0.0,0.0,0.0
1020210000000000,0.0,0.0,0.0,0.0,0.0,0.0,0.0,0.0,0.0
1020211000000000,0.0,0.0,-0.01,0.0,0.0,-0.01,0.0,0.0,0.006680917149316478
1020211002000000,0.0,0.0,0.0,0.0,0.0,0.0,0.0,0.0,0.0
0120000021000000,0.0,0.0,0.0,0.0,0.0,0.0,0.0,0.0,0.0
0020100010200000,0.0,0.0,0.0,0.0,0.0,0.0,0.0,0.0,0.0
0120000000100000,0.0,-0.01,0.0,0.0,0.0,0.004076489412722837,0.0,0.0,0.0
0120000020100000,0.0,0.0,0.0,0.0,0.0,0.0,0.0,0.0,0.0
0120010000000000,-0.013760813495205254,-0.01,0.0,-0.02982553851844585,0.0,-0.02976983729203586,0.0,-0.009286536809118704,0.012839650339432834
0120010020000000,0.0,0.0,0.0,0.0,0.0,0.0,0.0,0.0,0.0
0100210000000000,-0.03666672372566193,-0.01,-0.01,-0.0199,-0.01,-0.02215424812854923,-0.028723246444748385,-0.0011650107009299998,-0.02019638083530713
0100210020000000,0.0,0.0,0.0,0.0,0.0,0.0,0.0,0.0,0.0
0100211022000000,0.0,0.0,0.0,0.0,0.0,0.0,0.0,0.0,0.0
0100010020000000,-0.01,-0.01,-0.009730930830917393,-0.005405684758844161,-0.01,-0.023459836908326846,-0.01,-0.005704195115964735,-0.01024451600384626
1100211020200000,0.0,0.0,0.0,0.0,-0.01,-0.01,0.0,-0.0035668380151684343,0.0
1120211020200000,0.0,0.0,0.0,0.0,0.0,0.0,0.0,0.0,0.0
0020011000000000,0.0,0.0,0.0,0.0,0.0,-0.01,0.0,0.01644040951252308,0.0
0020211000000000,0.0,0.0,0.0,0.0,0.0,0.0,0.0,0.0,0.0
0020211001000000,0.0,0.020296801867312444,0.0,0.0,0.0,0.0,0.0,0.0,0.0
0020211001200000,0.0,0.0,0.0,0.0,0.0,0.0,0.0,0.0,0.0
1120010020000000,0.0,-0.01,0.0,0.0,0.0,0.0,0.0,0.0,-0.008548023735807743
1120012020000000,0.0,0.0,0.0,0.0,0.0,0.0,0.0,0.0,0.0
0010000021000000,-0.02219813251785163,0.0,0.0,0.0,0.0,0.0,0.0,0.0,0.0
0010020021000000,0.0,0.0,0.0,0.0,0.0,0.0,0.0,0.0,0.0
1010022021000000,0.0,0.0,0.0,0.0,0.0,0.0,0.0,0.0,0.0
0100012002000000,0.0,0.0,0.0,0.0,0.0,0.0,0.0,0.0,0.0
0100112002000000,0.0,0.0,0.0,0.0,0.0,0.0,-0.03272980901710296,0.0,0.0
0100112002200000,0.0,0.0,0.0,0.0,0.0,0.0,0.0,0.0,0.0
0100112012200000,-0.0199,-0.0199,-0.02557134598708679,-0.0199,-0.0199,-0.0199,-0.0199,-0.0199,-0.0199
2100112012200000,0.0,0.0,0.0,0.0,0.0,0.0,0.0,0.0,0.0
0100010000200000,-0.04806037807167772,-0.03940399,-0.04016936570596465,-0.09252410603141081,-0.058519850599,-0.02691182656721862,-0.05206981242714001,0.6272819647855891,-0.058519850599
0100210000200000,0.0,0.0,0.0,0.0,0.0,0.0,0.0,0.0,0.0
0120210000000000,0.0,0.0,0.0,0.0,0.0,0.0,0.0,0.0,0.0
0110210000200000,0.02564187859845258,0.0,0.0,-0.01,0.0,0.0,0.0,0.0,0.0
0110210002200000,0.0,0.0,0.0,0.0,0.0,0.0,0.0,0.0,0.0
0100210010200000,0.0,0.0,0.0,0.0,-0.01,-0.010202700010161258,-0.01,0.0,0.0
0100210012200000,0.0,0.0,0.0,0.0,0.0,0.0,0.0,0.0,0.0
0100211012200000,-0.002689974416185269,0.0,-0.0032048468376181423,0.0,-0.01,-0.01,0.0,0.0,0.0
2100211012200000,0.0,0.0,0.0,0.0,0.0,0.0,0.0,0.0,0.0
0110212000200000,0.0,0.0,0.0,0.0,0.0,0.0,0.0,0.0,0.0
0000020010100000,0.0,0.00914757395662377,0.0,0.0,0.0,0.0,0.0,0.0,0.0
2000020010100000,0.0,0.0,0.0,0.0,0.0,0.0,0.0,0.0,0.0
2100020010100000,0.0,0.0,0.0,0.0,0.0,0.0,0.0,0.011293301181017006,0.0
2100022010100000,0.0,0.0,0.0,0.0,0.0,0.0,0.0,0.0,0.0
0100211000200000,0.0,0.0,0.0093434870363423,0.0,-0.01,-0.01,-0.034691932240420796,0.0,0.0
2100211000200000,0.0,0.0,0.0,0.0,0.0,0.0,0.0,0.0,0.0
2100211010200000,-0.01,-0.01,-0.010071316223872726,0.0,-0.01,0.0,-0.0199,-0.01,-0.01
2100100000200000,0.0,0.0,0.0,0.0,0.0,0.0,0.0,0.0,0.0
2110100000200000,-0.01,-0.01,-0.01,-0.01,-0.0012545201262195219,0.006849641080326763,-0.01,0.0,-0.01
2110100020200000,0.0,0.0,0.0,0.0,0.0,0.0,0.0,0.0,0.0
2100010000200000,0.0,0.0,0.0,0.0,0.0,0.0,0.0,0.0,0.0
0120010000200000,0.0,0.0,0.0,0.0,0.0,0.0,0.0,0.0,0.0
0100010022000000,0.0,0.0,0.0,0.0,0.0,0.0,0.0,0.0,0.0
0100011022000000,0.0038415335830905934,0.0,0.0,0.0,0.0,0.0,0.0,0.0,0.0
0120011022000000,0.0,0.0,0.0,0.0,0.0,0.0,0.0,0.0,0.0
2100110000200000,0.0,-0.01,-0.032182978989304195,0.0,-0.01,-0.0029508442540059727,-0.024579217029720695,-0.0040149522477570376,0.0
2100110020200000,0.0,0.0,0.0,0.0,0.0,0.0,0.0,0.0,0.0
0010001000200000,-0.01724409302998437,-0.0023216147477621157,0.0,-0.007062327909547703,0.0,0.0,0.0,0.0,0.0
0210001000200000,0.0,0.0,0.0,0.0,0.0,0.0,0.0,0.0,0.0
0210101000200000,0.0,0.0,0.0,0.0,0.001581576117135046,0.0,0.0,0.0,-0.01
0210101002200000,0.0,0.0,0.0,0.0,0.0,0.0,0.0,0.0,0.0
2100000010200000,0.0,0.0,0.0,0.0,0.0,0.0,0.0,0.0,0.0
2110000010200000,0.0,0.0,-0.01,0.0,0.0220083051297313,0.0,0.0,-0.01,0.0
2110000012200000,0.0,0.0,0.0,0.0,0.0,0.0,0.0,0.0,0.0
0100210002000000,0.0,0.0,0.0,0.0,0.0,0.0,0.0,0.0,0.0
0100210012000000,0.0,-0.01,0.0,0.0,0.0,0.0,0.0,0.0,-0.03143308406958866
2100210012000000,0.0,0.0,0.0,0.0,0.0,0.0,0.0,0.0,0.0
2100210012100000,0.0,-0.01,0.0,0.0,-0.01,-0.026616833532079394,0.0,-0.01,0.0
0010010000200000,0.0,0.0,-0.01,-0.012428542169656095,-0.01,-0.02267725889266518,0.0,-0.031661349205673185,-0.01
0010210000200000,0.0,0.0,0.0,0.0,0.0,0.0,0.0,0.0,0.0
0010210001200000,-0.03370593610697015,0.0,0.0,0.0,0.0,0.0,0.0,0.0,0.0
0210210001200000,0.0,0.0,0.0,0.0,0.0,0.0,0.0,0.0,0.0
1210210001200000,0.0,-0.01,0.0,0.0,-0.01,-0.031896799077844123,0.0,0.0,-0.01
1210210021200000,0.0,0.0,0.0,0.0,0.0,0.0,0.0,0.0,0.0
1000010000200000,-0.01,0.0,0.0,0.0,-0.0199,0.0,-0.026881032075540778,0.0,0.0
1000210000200000,0.0,0.0,0.0,0.0,0.0,0.0,0.0,0.0,0.0
1000210010200000,-0.01,-0.028625258459900597,0.0,0.0,0.0,0.0,0.0,0.0,0.0
1000210012200000,0.0,0.0,0.0,0.0,0.0,0.0,0.0,0.0,0.0
1100210012200000,0.0,0.0,-0.01,0.0,0.0,-0.031283734887822844,0.0,0.0,0.0
1120210012200000,0.0,0.0,0.0,0.0,0.0,0.0,0.0,0.0,0.0
0120000010000000,-0.02558619092991632,0.0,-0.0199,-0.01,0.0,0.0,-0.01,0.0,0.0
0120200010000000,0.0,0.0,0.0,0.0,0.0,0.0,0.0,0.0,0.0
1120200012000000,0.0,0.0,0.0,0.0,0.0,0.0,0.0,0.0,0.0
1120201012000000,0.0,0.0,0.0,0.0,0.0,0.0,0.0,0.0,-0.004624547581637854
1120221012000000,0.0,0.0,0.0,0.0,0.0,0.0,0.0,0.0,0.0
0100010020200000,0.0,0.0,0.0,0.0,0.0,0.0,0.0,0.0,0.0
2100011000200000,0.0,0.0,0.0,0.04500932004537603,0.0,0.0,0.0,0.0,0.0
2100011020200000,0.0,0.0,0.0,0.0,0.0,0.0,0.0,0.0,0.0
2100001000200000,0.0,0.0,0.0,0.0,0.0,0.0,0.0,0.0,0.0
2100101000200000,-0.01,0.0,0.002858323620629996,-0.01,0.0,0.0,0.0,0.0,-0.01
2100101020200000,0.0,0.0,0.0,0.0,0.0,0.0,0.0,0.0,0.0
0010120000200000,0.0,0.0,0.0,0.0,0.0,0.0,0.0,0.0,0.0
0110120000200000,0.0,0.0,0.0,0.0,0.0,0.0,0.0,-0.016728922525788736,0.0
0110122000200000,0.0,0.0,0.0,0.0,0.0,0.0,0.0,0.0,0.0
1120210000000000,0.0,-0.01,-0.01,0.0,0.0,0.0,0.0,0.0,0.013103047434234846
1120210002000000,0.0,0.0,0.0,0.0,0.0,0.0,0.0,0.0,0.0
2100010020000000,0.0,0.0,0.0,0.0,0.0,0.0,0.0,0.0,0.0
2100110020000000,0.0,0.0,0.0,0.0,0.0,0.0,0.0,-0.006673684887461932,0.0
2100112020000000,0.0,0.0,0.0,0.0,0.0,0.0,0.0,0.0,0.0
1100220000100000,0.0,0.0,0.012032180228961816,0.0,-0.01,0.0,0.0,0.0,0.0
1100220020100000,0.0,0.0,0.0,0.0,0.0,0.0,0.0,0.0,0.0
1100020000200000,0.0,0.0,0.0,0.0,0.0,0.0,0.0,0.0,0.0
0100012002100000,0.0,0.0,-0.01,-0.03283889512587628,0.0,-0.01,0.0,-0.01,0.0
0120012002100000,0.0,0.0,0.0,0.0,0.0,0.0,0.0,0.0,0.0
0120112002100000,-0.027778977373229978,-0.0199,-0.01,-0.01,-0.01,-0.0199,-0.0120590766689284,-0.0199,-0.01
0120112022100000,0.0,0.0,0.0,0.0,0.0,0.0,0.0,0.0,0.0
1210000000200000,0.0,0.0,0.0,0.0,0.0,0.0,0.0,0.0,0.0
1210100000200000,0.0,0.0,0.0,0.0,0.0,0.0,0.01812510334516499,0.0,0.0
1210100002200000,0.0,0.0,0.0,0.0,0.0,0.0,0.0,0.0,0.0
0100201000200000,0.0,0.0,0.0,0.0,0.0,0.0,0.0,0.0,0.0
0100201010200000,0.0,0.0,0.0,0.0,0.0,0.0,0.0,-0.004422224485154043,0.0
0120201010200000,0.0,0.0,0.0,0.0,0.0,0.0,0.0,0.0,0.0
0120201011200000,-0.005459536401424744,0.0,0.0,0.0,0.0,0.0,0.0,0.0,0.0
0120221011200000,0.0,0.0,0.0,0.0,0.0,0.0,0.0,0.0,0.0
0100010002200000,0.0,0.0,0.0,0.0,0.0,0.0,0.0,0.0,0.0
0100010012200000,0.0,0.0,0.0,-0.013543630993298349,0.0,0.0,0.0,0.0,-0.01
0100012012200000,0.0,0.0,0.0,0.0,0.0,0.0,0.0,0.0,0.0
2100010000000000,-0.01,0.0,0.0,-0.02267435667324203,-0.01,-0.02697708304045055,0.0006831257009472286,0.0,-0.01
2100010002000000,0.0,0.0,0.0,0.0,0.0,0.0,0.0,0.0,0.0
2100011002000000,0.0,0.0,0.0,0.0,0.0,0.0,0.0,0.0,-0.033305040790679676
2100011022000000,0.0,0.0,0.0,0.0,0.0,0.0,0.0,0.0,0.0
2100011022100000,-0.01,-0.01,0.0,-0.011863022013303045,-0.01,-0.01,0.0,-0.01,-0.01
2120011022100000,0.0,0.0,0.0,0.0,0.0,0.0,0.0,0.0,0.0
0000010000200000,0.0,0.0,0.0,0.0,0.0,0.0,0.0,0.0,0.0
0110220000000000,0.0,0.0,0.0,0.0,0.0,0.0,0.0,0.0,0.0
0110220001000000,0.0,-0.01,0.0,0.0,0.0,0.0,0.0,0.0,0.002925622473804018
0110220021000000,0.0,0.0,0.0,0.0,0.0,0.0,0.0,0.0,0.0
0000012001200000,0.0,0.0,0.0,0.0,0.0,0.0,0.0,0.0,0.0
0000112001200000,-0.02492796886646665,0.0,0.0,-0.01,-0.01,-0.01,-0.01,0.0,-0.01
0000112021200000,0.0,0.0,0.0,0.0,0.0,0.0,0.0,0.0,0.0
1000112021200000,-0.01,0.0,-0.0018581210994313905,-0.01,-0.01,0.0,0.0,-0.01,0.0
1200112021200000,0.0,0.0,0.0,0.0,0.0,0.0,0.0,0.0,0.0
0000011002200000,0.0,0.0,0.0,0.0,0.0,0.0,0.0,0.0,0.0
2100210000000000,0.0,0.0,0.0,0.0,0.0,0.0,0.0,0.0,0.0
2100210000100000,0.0,-0.01,0.0,0.0,-0.01,-0.010415795611003165,0.0,0.0,0.0
2120210000100000,0.0,0.0,0.0,0.0,0.0,0.0,0.0,0.0,0.0
1120000000200000,0.0,0.0,0.0,0.0,0.0,0.0,0.0,0.0,0.0
1120001000200000,0.0,0.0,0.0,-0.034602462439096676,0.0,0.0,0.0,0.0,-0.01
1120001002200000,0.0,0.0,0.0,0.0,0.0,0.0,0.0,0.0,0.0
1120101002200000,-0.01,-0.01,-0.01,-0.01,-0.01,-0.01,-0.009301686717501825,0.0,-0.01
1120121002200000,0.0,0.0,0.0,0.0,0.0,0.0,0.0,0.0,0.0
0100000001200000,0.0,0.0,-0.0027714600304505344,-0.004829259106506266,0.0,0.0,0.0,0.0,-0.01
2100000001200000,0.0,0.0,0.0,0.0,0.0,0.0,0.0,0.0,0.0
0120012000000000,0.0,0.0,0.0,0.0,0.0,0.0,0.0,0.0,0.0
2100011002200000,0.0,0.0,0.0,0.0,0.0,0.0,0.0,0.0,0.0
0000101000200000,-0.016520657461938343,0.0,0.0,0.0,0.0,0.0,0.0,-0.019516156855964677,0.0
0000121000200000,0.0,0.0,0.0,0.0,0.0,0.0,0.0,0.0,0.0
1000121000200000,0.0,0.0,-0.0034992736012809523,0.0,-0.01,0.0,0.0,-0.01,0.0
1000121002200000,0.0,0.0,0.0,0.0,0.0,0.0,0.0,0.0,0.0
2100110002200000,0.0,0.0,0.0,0.0,0.0,0.0,0.0,0.0,0.0
0000100001200000,0.0,-0.012984211225056016,-0.01472728464380214,0.0,0.0,0.0,0.0,-0.01,-0.01
0020100001200000,0.0,0.0,0.0,0.0,0.0,0.0,0.0,0.0,0.0
0120100001200000,0.0,0.0,0.0,-0.01,0.0031551739044296374,0.0,0.0,-0.01,0.0
0120100021200000,0.0,0.0,0.0,0.0,0.0,0.0,0.0,0.0,0.0
0210000010200000,0.0,0.0,0.0,0.0,0.0,0.0,0.0,0.0,0.0
1210000010200000,0.0,0.0,0.0,0.0,0.0,-0.01,-0.01,-0.012366715097342504,-0.01
1210002010200000,0.0,0.0,0.0,0.0,0.0,0.0,0.0,0.0,0.0
1210002011200000,-0.01,0.0,0.0,0.0,-0.006503147534434537,0.0,0.0,0.0,0.0
1210202011200000,0.0,0.0,0.0,0.0,0.0,0.0,0.0,0.0,0.0
0010001002000000,0.0,0.0,0.0,0.0,0.0,0.0,0.0,0.0,0.01500691662611405
0210001002000000,0.0,0.0,0.0,0.0,0.0,0.0,0.0,0.0,0.0
2120110000200000,0.0,0.0,0.0,0.0,0.0,0.0,0.0,0.0,0.0
2120110010200000,0.0,0.0,0.0,-0.01,0.0,-0.010694907585924316,0.0,-0.01,-0.01
2120110012200000,0.0,0.0,0.0,0.0,0.0,0.0,0.0,0.0,0.0
2100100010200000,0.0,0.0,0.0,-0.01,0.0,-0.008284617033725062,-0.01,0.0,0.0
0020001000100000,-0.03176123295422631,0.0,-0.01,0.0,0.0,0.0,0.0,0.0,0.0
0020001002100000,0.0,0.0,0.0,0.0,0.0,0.0,0.0,0.0,0.0
1020001002100000,-0.01,0.0,0.0,0.0,0.0,0.0,-0.03606345519619924,0.0,0.0
1020201002100000,0.0,0.0,0.0,0.0,0.0,0.0,0.0,0.0,0.0
1020201012100000,-0.01,-0.008871695470037251,-0.01,-0.01,-0.01,-0.01,-0.01,-0.01,-0.01
1020221012100000,0.0,0.0,0.0,0.0,0.0,0.0,0.0,0.0,0.0
2100000011200000,-0.01,0.0,-0.01682253328560347,0.0,0.0,-0.01,0.0,0.0,0.0
1100020001200000,0.0,-0.01,-0.01,0.0,-0.01,0.0,-0.0009451202534952728,-0.01,-0.01
0100002010200000,0.0,0.0,0.0,0.0,0.0,0.0,0.0,0.0,0.0
0110002010200000,0.007687185982431414,0.0,0.0,0.0,0.0,0.0,0.0,0.0,0.0
0110202010200000,0.0,0.0,0.0,0.0,0.0,0.0,0.0,0.0,0.0
0000110000200000,-0.005983955194556463,-0.008947996356871747,-0.01,-0.01,-0.01,0.0,-0.01,-0.01895580246394105,-0.01
0020110000200000,0.0,0.0,0.0,0.0,0.0,0.0,0.0,0.0,0.0
1020110000200000,0.0,0.0,0.0,-0.01,0.0,0.0,0.003225186412808315,0.0,0.0
1020110002200000,0.0,0.0,0.0,0.0,0.0,0.0,0.0,0.0,0.0
0010120000000000,0.0,0.0,0.0,-0.01,0.0,-0.006756873349179176,0.0,0.0,0.0
0010120002000000,0.0,0.0,0.0,0.0,0.0,0.0,0.0,0.0,0.0
0010121002000000,0.0020471370992544233,0.0,0.0,0.0,0.0,-0.01,0.0,0.0,0.0
0010121002200000,0.0,0.0,0.0,0.0,0.0,0.0,0.0,0.0,0.0
0210000001200000,0.0,0.0,0.0,0.0,0.0,0.0,0.0,0.0,0.0
0210000011200000,0.0,0.0,-0.01,0.0,0.0011372431997468495,0.0,0.0,0.0,0.0
0210002011200000,0.0,0.0,0.0,0.0,0.0,0.0,0.0,0.0,0.0
0100011002200000,0.0,-0.01,0.0,-0.01,-0.01,0.0,-0.009864892214459152,0.0,0.0
0100211002200000,0.0,0.0,0.0,0.0,0.0,0.0,0.0,0.0,0.0
0000022001100000,0.0,0.0,0.0,0.0,0.0,0.0,0.0,0.0,0.0
0100002001000000,-0.003986628575258931,0.0,0.0,0.0,0.0,-0.01,0.0,0.0,0.0
0100002001200000,0.0,0.0,0.0,0.0,0.0,0.0,0.0,0.0,0.0
1100002001200000,0.0,-0.01,0.01703084119938638,0.0,0.0,0.0,0.0,0.0,0.0
1100022001200000,0.0,0.0,0.0,0.0,0.0,0.0,0.0,0.0,0.0
0020002011000000,0.0,0.0,0.0,0.0,0.0,0.0,0.0,0.0,0.0
0020102011000000,0.0,0.008878250542409911,0.0,0.0,0.0,0.0,0.0,0.0,0.0
0020122011000000,0.0,0.0,0.0,0.0,0.0,0.0,0.0,0.0,0.0
1000002010000000,0.0,0.0,0.0,0.023604240323738365,0.0,0.0,-0.01,0.0,0.0
1000002010200000,0.0,0.0,0.0,0.0,0.0,0.0,0.0,0.0,0.0
1100012000200000,0.0,-0.01,0.02312554902162599,0.0,-0.01,0.0,-0.01,0.0,0.0
1100012020200000,0.0,0.0,0.0,0.0,0.0,0.0,0.0,0.0,0.0
0110002000200000,0.0,0.0,0.0,0.0,0.0,0.0,0.0,0.0,0.0
0110002001200000,0.0,-0.01,0.0,0.0,0.0,0.0,0.005311843965920027,0.0,0.0
0110022001200000,0.0,0.0,0.0,0.0,0.0,0.0,0.0,0.0,0.0
0000202011000000,0.0,0.0,0.0,0.0,0.0,0.0,0.0,0.0,0.0
1000202011000000,-0.01,0.0,-0.01,0.0,0.0,-0.01,-0.01,0.0,0.005662017233423418
1020202011000000,0.0,0.0,0.0,0.0,0.0,0.0,0.0,0.0,0.0
0010002010000000,0.0,0.0,0.0,0.0,0.0,0.0,-0.01,-0.001716311660666767,0.0
2010002010000000,0.0,0.0,0.0,0.0,0.0,0.0,0.0,0.0,0.0
2010002011000000,0.0,-0.01,0.0,0.0,0.009729749031143474,0.0,0.0,0.0,0.0
2210002011000000,0.0,0.0,0.0,0.0,0.0,0.0,0.0,0.0,0.0
0210100000200000,0.0,0.0,0.0,0.0,0.0,0.0,0.0,0.0,0.0
1210102000200000,0.0,0.0,0.0,0.0,0.0,0.0,0.0,0.0,0.0
2120010000000000,0.0,0.0,0.0,0.0,0.0,0.0,0.0,0.0,0.0
2120110000000000,0.0,-0.01,0.0,0.0,0.0,0.0,0.0,0.0,-0.02221362090114624
2120112000000000,0.0,0.0,0.0,0.0,0.0,0.0,0.0,0.0,0.0
2120112000100000,-0.01,0.0,0.0,0.0,0.0,0.0,-0.01,-0.014211588682744136,0.0
0000120010200000,0.0,0.0,0.0,0.0,0.0,0.0,0.0,0.0,0.0
0010122011200000,-0.01207800578876493,-0.01,-0.01,-0.01,-0.01,-0.01,-0.01,-0.01,-0.01
0210122011200000,0.0,0.0,0.0,0.0,0.0,0.0,0.0,0.0,0.0
0110010002200000,-0.01,-0.01,0.0,0.0,-0.01,0.0,0.005000160767179969,-0.01,0.0
2110010002200000,0.0,0.0,0.0,0.0,0.0,0.0,0.0,0.0,0.0
0120112000000000,0.0,0.0,0.0,0.0,-0.01,0.0,0.0,0.0,-0.03311315122457832
0120112002000000,0.0,0.0,0.0,0.0,0.0,0.0,0.0,0.0,0.0
2120112002100000,0.0,0.0,0.0,0.0,0.0,0.0,0.0,0.0,0.0
0000100021200000,0.0,0.0,0.0,0.0,0.0,0.0,0.0,0.0,0.0
0010100021200000,0.0,0.0,0.0,0.0,0.0,-0.010101028263682576,0.0,-0.01,0.0
0210100021200000,0.0,0.0,0.0,0.0,0.0,0.0,0.0,0.0,0.0
0210101021200000,-0.01,0.0,0.0,0.0,-0.02079977589876547,-0.01,-0.01,0.0,0.0
2210101021200000,0.0,0.0,0.0,0.0,0.0,0.0,0.0,0.0,0.0
1100010020200000,0.0,0.0,0.0,0.0,0.0,0.0,0.0,0.055680601064761866,0.0
1120010020200000,0.0,0.0,0.0,0.0,0.0,0.0,0.0,0.0,0.0
0100220010000000,0.0,0.0,0.0,0.0,0.0,0.0,0.0,0.0,0.0
0100220011000000,-0.022659564295068463,0.0,0.0,-0.01,0.0,0.0,0.0,0.0,0.0
0100220011200000,0.0,0.0,0.0,0.0,0.0,0.0,0.0,0.0,0.0
1100220011200000,-0.01,-0.01,0.0,0.0,0.0,-0.006235444263149489,-0.01,0.0,0.0
1120220011200000,0.0,0.0,0.0,0.0,0.0,0.0,0.0,0.0,0.0
1120200001000000,-0.01,0.0,0.0,0.0,0.0,0.0,-0.009967942994203999,0.0,-0.01
1120200001200000,0.0,0.0,0.0,0.0,0.0,0.0,0.0,0.0,0.0
0010021000200000,0.0,0.0,0.0,0.0,0.0,0.0,0.0,0.0,0.0
1010021000200000,0.0,0.006345005860064526,-0.01,0.0,-0.01,0.0,0.0,0.0,-0.01
1100210000200000,-0.01,-0.01,0.0,-0.01,-0.01,0.0,-0.01,0.006753422613801781,-0.01
1100210020200000,0.0,0.0,0.0,0.0,0.0,0.0,0.0,0.0,0.0
1100000020200000,0.0,0.0,0.0,0.0,0.0,0.0,0.0,0.0,0.0
0120001010200000,0.0,0.0,0.0,0.0,0.0,0.0,0.0,-0.007669230091496642,0.0
0120021010200000,0.0,0.0,0.0,0.0,0.0,0.0,0.0,0.0,0.0
2110110002200000,-0.01,-0.01,-0.01,-0.01,0.0,-0.01,-0.006958218144559032,0.0,-0.01
2110112002200000,0.0,0.0,0.0,0.0,0.0,0.0,0.0,0.0,0.0
0110012002200000,0.0,0.0,0.0,0.0,0.0,0.0,0.0,0.0,0.0
0000000011200000,0.0,0.0,0.0,-0.004488986953793648,0.0,0.0,0.0,0.0,0.0
2000000011200000,0.0,0.0,0.0,0.0,0.0,0.0,0.0,0.0,0.0
2000100011200000,0.0,0.0,0.0,0.0,0.002707246232280627,0.0,0.0,0.0,0.0
2000102011200000,0.0,0.0,0.0,0.0,0.0,0.0,0.0,0.0,0.0
1100212000200000,0.0,0.0,0.0,0.0,0.0,0.0,0.0,0.0,0.0
1000000010200000,-0.01,0.0,-0.026101816686866897,0.0,0.0,-0.03773105644927687,-0.01,0.0,-0.01
1010002010200000,-0.01,0.0,0.0,0.0,0.0,-0.01,-0.01,-0.005224683769792171,-0.01
1010022010200000,0.0,0.0,0.0,0.0,0.0,0.0,0.0,0.0,0.0
0110201000200000,0.0,0.0,-0.01,-0.01,0.0,0.0,0.0,-0.000540033286401716,-0.01
0110221000200000,0.0,0.0,0.0,0.0,0.0,0.0,0.0,0.0,0.0
0020000011200000,0.0,0.0,0.0,0.0,0.0,0.0,0.0,0.0,0.0
0020100011200000,0.0,0.0,0.0,0.0,0.0,-0.008222132973490304,0.0,0.0,0.0
0020120011200000,0.0,0.0,0.0,0.0,0.0,0.0,0.0,0.0,0.0
0110010020200000,0.0,0.0,-0.01,-0.027693429373818763,-0.01,0.0,0.0,0.0,0.0
0110112020200000,-0.01,-0.01,0.0,0.0,-0.01,0.0,0.0,-0.009789384376159942,-0.01
2110112020200000,0.0,0.0,0.0,0.0,0.0,0.0,0.0,0.0,0.0
0100012010200000,0.0,0.0,0.0,-0.01,0.0,-0.01,0.0,0.012932365289070673,-0.01
0100212010200000,0.0,0.0,0.0,0.0,0.0,0.0,0.0,0.0,0.0
0100012020000000,0.0,0.0,0.0,0.0,0.0,0.0,0.0,0.0,0.0
0000102010000000,0.0,0.0,0.0,-0.01,0.0,0.0,0.0,-0.008487410158281012,0.0
0000102010200000,0.0,0.0,0.0,0.0,0.0,0.0,0.0,0.0,0.0
0000102011200000,0.0,0.0,-0.010478284146025953,0.0,0.0,0.0,0.0,0.0,0.0
0100012022100000,0.0,0.0,0.0,0.0,0.0,0.0,0.0,0.0,0.0
0110012022100000,0.0,-0.01,-0.01,-0.008460422607853383,0.0,0.0,-0.01,-0.01,-0.01
2110012022100000,0.0,0.0,0.0,0.0,0.0,0.0,0.0,0.0,0.0
0110002020000000,0.0,0.0,0.0,0.0,0.0,0.0,0.0,0.0,0.0
0110102020000000,0.0,0.0,0.0,0.0,0.0022939076962174604,0.0,0.0,0.0,0.0
0110102022000000,0.0,0.0,0.0,0.0,0.0,0.0,0.0,0.0,0.0
0010002001000000,0.0,0.0,0.0,-0.01,0.0,0.0,0.0,-0.01,-0.007965307854460934
0010202001000000,0.0,0.0,0.0,0.0,0.0,0.0,0.0,0.0,0.0
0010202001100000,0.0,0.00020529209806288936,0.0,0.0,0.0,0.0,0.0,0.0,-0.01
0010202021100000,0.0,0.0,0.0,0.0,0.0,0.0,0.0,0.0,0.0
0120002010000000,0.0,0.0,0.0,0.0,0.0,0.0,0.0,0.0,0.0
0120002011000000,0.0,-0.01,-0.01,0.0,0.0,-0.01,-0.01,-0.01,0.012713679515068004
2120002011000000,0.0,0.0,0.0,0.0,0.0,0.0,0.0,0.0,0.0
1100202001000000,0.0,0.0,-0.008678795230947094,0.0,0.0,0.0,0.0,0.0,0.0
1100202021000000,0.0,0.0,0.0,0.0,0.0,0.0,0.0,0.0,0.0
0110102000200000,0.0,-0.01,0.0,-0.01,-0.0375953638777713,-0.01,0.0,0.0,0.0
2110102000200000,0.0,0.0,0.0,0.0,0.0,0.0,0.0,0.0,0.0
2110112000200000,-0.01,-0.01,-0.01,-0.01,-0.01,-0.01,-0.01,-0.019077980848197708,-0.01
0000001010200000,0.0,0.0,0.0,0.0,0.0,0.0,0.0,-0.03131112041580684,0.0
2000001010200000,0.0,0.0,0.0,0.0,0.0,0.0,0.0,0.0,0.0
2000001011200000,0.0,-0.03865570421704545,0.0,0.0,0.0,0.0,0.0,0.0,0.0
2020001011200000,0.0,0.0,0.0,0.0,0.0,0.0,0.0,0.0,0.0
2120001011200000,-0.0199,-0.01,-0.01,-0.01,-0.0202157594828092,-0.01,-0.01,-0.01,-0.01
2120201011200000,0.0,0.0,0.0,0.0,0.0,0.0,0.0,0.0,0.0
1000000012200000,0.0,0.0,0.0,0.0,0.0,0.0,0.0,0.0,0.0
1000001012200000,-0.01,-0.041247384322900836,0.0,0.0,0.0,-0.01,0.0,0.0,-0.01
0100100020200000,0.0,0.0,0.0,0.0,0.0,0.0,0.0,0.0,0.0
0120011020200000,0.0,0.0,0.0,0.0,0.0,0.0,0.0,0.0,0.0
1100100002200000,0.0,-0.01,0.0,-0.01,0.0,0.0014619692037438918,0.0,0.0,-0.01
1120100002200000,0.0,0.0,0.0,0.0,0.0,0.0,0.0,0.0,0.0
1010120000200000,0.0,0.0,0.0,0.0,-0.01,0.0,0.0,-0.006962538208408224,0.0
1210120000200000,0.0,0.0,0.0,0.0,0.0,0.0,0.0,0.0,0.0
1210120001200000,0.0,0.0,0.0,0.0,0.0,-0.008595726183220033,0.0,0.0,0.0
1210120021200000,0.0,0.0,0.0,0.0,0.0,0.0,0.0,0.0,0.0
2110200010200000,0.0,0.0,0.0,0.0,0.0,0.0,0.0,0.0,0.0
0100200000100000,0.00047492005368054844,0.0,0.0,0.0,0.0,0.0,0.0,0.0,0.0
0120200000100000,0.0,0.0,0.0,0.0,0.0,0.0,0.0,0.0,0.0
1120200000100000,0.0,0.0,0.0,0.0,0.0,0.0,0.0005863210539266036,0.0,0.0
1120202000100000,0.0,0.0,0.0,0.0,0.0,0.0,0.0,0.0,0.0
0100100021200000,0.0,-0.01,0.0,0.0,0.0,-0.005689148064908945,0.0,0.0,-0.01
0100000021200000,0.0,0.0,0.0,0.0,0.0,0.0,0.0,0.0,0.0
0100120021200000,0.0,0.0,0.0,0.0,0.0,0.0,0.0,0.0,0.0
0110021000200000,0.008807171547382853,0.0,-0.01,0.0,0.0,0.0,0.0,0.0,0.0
0200101000200000,0.0,0.0,0.0,0.0,0.0,0.0,0.0,0.0,0.0
0200101001200000,0.0,0.0,-0.024094020809832938,0.0,0.0,0.0,0.0,0.0,0.0
0200101021200000,0.0,0.0,0.0,0.0,0.0,0.0,0.0,0.0,0.0
0100001002200000,0.0,0.0,0.0,0.0,0.0,0.0,0.0,0.0,0.0
1100001002200000,0.0,0.0,0.0012584237262195316,0.0,0.0,-0.01,0.0,0.0,-0.01
1100201002200000,0.0,0.0,0.0,0.0,0.0,0.0,0.0,0.0,0.0
0100101020200000,0.0,0.0,0.0,0.0,0.0,0.0,-0.01,-0.0376419626240303,0.0
0120101020200000,0.0,0.0,0.0,0.0,0.0,0.0,0.0,0.0,0.0
0120101021200000,-0.01,-0.01,-0.01,-0.01,-0.012082145787464253,-0.01,0.0,-0.01,-0.029701
0110000020200000,0.0,0.0,0.0,0.0,0.0,0.0,0.0,0.0,0.0
0100120000000000,0.0,0.0,0.0,0.0,0.0,0.0,-0.0014085447435235384,0.0,0.0
2100120000000000,0.0,0.0,0.0,0.0,0.0,0.0,0.0,0.0,0.0
2000011000200000,0.0,0.0,0.0,0.0,0.0,0.0,0.0,0.0,0.0
2010011000200000,0.0,-0.006287342953370526,-0.01,0.0,0.0,-0.01,0.0,0.0,-0.01
2010011020200000,0.0,0.0,0.0,0.0,0.0,0.0,0.0,0.0,0.0
0200010001200000,0.0,0.0,0.0,0.0,0.0,0.0,0.0,0.0,0.0
0210010001200000,0.0,0.0,0.0,0.0,0.0,0.0,0.01064307039538187,0.0,0.0
0000200021100000,0.0,0.0,0.0,0.0,0.0,0.0,0.0,0.0,0.0
0000210021100000,0.008803972095354459,0.0,0.0,0.0,0.0,0.0,0.0,0.0,0.0
0020210021100000,0.0,0.0,0.0,0.0,0.0,0.0,0.0,0.0,0.0
0000011020200000,0.0,0.0,0.0,0.0,0.0,0.0,0.0,0.0,0.0
0010010020200000,0.0,0.0,0.0,0.0,0.0,0.0,0.0,0.0,0.0
0100112020200000,0.0,0.0,0.0,0.0,0.0,0.0,0.0,0.0,0.0
2010000010200000,0.0,0.0,0.0,0.0,0.0,0.0,0.0,0.0,0.0
2010100010200000,0.0,0.0,0.0,0.0,0.0,0.0004145908218225543,0.0,0.0,-0.01
2210100010200000,0.0,0.0,0.0,0.0,0.0,0.0,0.0,0.0,0.0
0100001021200000,0.0,0.0,0.0,0.0,0.010663619008055935,0.0,-0.01,0.0,-0.01
0120001021200000,0.0,0.0,0.0,0.0,0.0,0.0,0.0,0.0,0.0
2000100010200000,0.0,0.0,0.0,0.0,0.0,0.0,0.0,0.0,0.0
2000101010200000,0.0,0.0,0.0,0.0,-0.02187110711450918,-0.01,0.0,0.0,0.0
2020101010200000,0.0,0.0,0.0,0.0,0.0,0.0,0.0,0.0,0.0
0120011002000000,-0.03675288554572327,0.0,0.0,0.0,0.0,0.0,0.0,0.0,0.0
0120211002000000,0.0,0.0,0.0,0.0,0.0,0.0,0.0,0.0,0.0
1120211002000000,-0.01,-0.01,-0.01,0.0,-0.01,0.0,-0.031816852998757715,0.0,-0.01
1120211002200000,0.0,0.0,0.0,0.0,0.0,0.0,0.0,0.0,0.0
0000211002000000,0.0,0.0,0.0,0.0,0.0,0.0,0.0,0.0,0.0
0020211002100000,0.0,0.0,0.0,0.0,0.0,0.0,0.0,0.0,0.0
0000211001200000,0.0,0.0,-0.03391221408174407,0.0,-0.01,-0.01,0.0,0.0,-0.01
0000211021200000,0.0,0.0,0.0,0.0,0.0,0.0,0.0,0.0,0.0
0010211021200000,-0.014517123510529016,-0.01,-0.01,-0.01,-0.01,0.0,-0.01,-0.01,0.0
0210211021200000,0.0,0.0,0.0,0.0,0.0,0.0,0.0,0.0,0.0
2100010010200000,0.0,0.0,0.0008433650628978107,0.0,0.0,0.0,0.0,0.0,0.0
2100210010200000,0.0,0.0,0.0,0.0,0.0,0.0,0.0,0.0,0.0
0000010002100000,-0.01,-0.02968455023398072,0.0,0.0,0.0,0.0,0.0,0.0,-0.01
2000010002100000,0.0,0.0,0.0,0.0,0.0,0.0,0.0,0.0,0.0
2100010002100000,0.0,-0.01,0.0,-0.015499863233386953,-0.01,0.0,-0.01,0.0,-0.01
2100010022100000,0.0,0.0,0.0,0.0,0.0,0.0,0.0,0.0,0.0
2100110022100000,0.0,0.0,-0.011278560026500467,0.0,0.0,0.0,0.0,0.0,-0.01
2100112022100000,0.0,0.0,0.0,0.0,0.0,0.0,0.0,0.0,0.0
0010201002000000,0.0,0.0,0.0,0.0,0.0,0.0,0.0,0.0,0.0
0010211002000000,-0.031887664842134046,0.0,0.0,0.0,0.0,0.0,0.0,0.0,0.0
0010211002200000,0.0,0.0,0.0,0.0,0.0,0.0,0.0,0.0,0.0
1010211002200000,0.0,-0.01,-0.01,-0.01,-0.01,-0.01,-0.014590536076637491,0.0,0.0
1210211002200000,0.0,0.0,0.0,0.0,0.0,0.0,0.0,0.0,0.0
0120010020100000,0.015851420172139308,0.0,-0.01,0.0,0.0,-0.0032685810148548604,0.0,0.0,0.0
2120010020100000,0.0,0.0,0.0,0.0,0.0,0.0,0.0,0.0,0.0
0200011000200000,0.0,0.0,0.0,0.0,0.0,0.0,0.0,0.0,0.0
0020011020000000,0.0,0.0,0.0,0.0,0.0,0.0,0.0,0.0,0.0
0120011020000000,-0.03327598504706541,0.0,0.0,0.0,0.0,0.0,0.0,0.0,0.0
1120211020000000,0.0,0.0,-0.01,-0.01,-0.01,-0.01,-0.01,-0.011736012321400228,-0.01
0000010012200000,0.0,0.0,0.0,0.0,0.0,0.0,0.0,0.0,0.0
0010012000200000,0.0,0.0,0.0,0.0,0.0,0.0,0.0,0.0,0.0
0010012001200000,0.0,0.0188702809126623,-0.01,0.0,0.0,-0.01,0.0,0.0,0.0
0010212001200000,0.0,0.0,0.0,0.0,0.0,0.0,0.0,0.0,0.0
0000211000000000,0.0,0.0,-0.02395239438843208,0.0,0.0,0.0,0.0,0.0,0.0
0210211020000000,0.0,0.0,0.0,0.0,0.0,0.0,0.0,0.0,0.0
0210211021000000,-0.006387401229866028,-0.01,-0.01,-0.01,-0.01,0.0,0.0,0.0,-0.01
2000210001100000,-0.01,0.0,0.0,-0.01,0.0,0.005614785766832393,0.0,-0.01,-0.01
2200210001100000,0.0,0.0,0.0,0.0,0.0,0.0,0.0,0.0,0.0
0200110000200000,0.0,0.0,0.0,0.0,0.0,0.0,0.0,0.0,0.0
0200110001200000,0.0,0.0,0.0,0.0,-0.01,-0.016545957116203384,0.0,0.0,0.0
0200110021200000,0.0,0.0,0.0,0.0,0.0,0.0,0.0,0.0,0.0
0020012001000000,0.0,0.0,0.0,0.0,0.0,0.0,0.0,0.0,0.0
0020112001000000,0.0,-0.009300148571802,0.0,0.0,0.0,0.0,0.0,0.0,0.0
2020112001000000,0.0,0.0,0.0,0.0,0.0,0.0,0.0,0.0,0.0
0000012000100000,0.0,0.0,0.0,0.0,0.0,0.0,0.0,-0.0011015700661378119,0.0
0000212000100000,0.0,0.0,0.0,0.0,0.0,0.0,0.0,0.0,0.0
0000212001100000,0.0,0.011035205297941992,0.0,0.0,0.0,0.0,-0.01,0.0,0.0
0000212021100000,0.0,0.0,0.0,0.0,0.0,0.0,0.0,0.0,0.0
0000212001000000,0.0,0.0,0.0,0.0,0.0,0.0,0.0,0.0,0.0
0020212001100000,0.0,0.0,0.0,0.0,0.0,0.0,0.0,0.0,0.0
0000002011200000,0.0,0.0,0.0,0.0,0.0,0.0,0.0,0.0,0.0
0100002011200000,0.0,0.0,-0.016223213327691947,0.0,0.0,-0.01,0.0,0.0,0.0
0100022011200000,0.0,0.0,0.0,0.0,0.0,0.0,0.0,0.0,0.0
2200010001000000,0.0,0.0,0.0,0.0,0.0,0.0,0.0,0.0,0.0
2210010001000000,-0.01,0.0,-0.01,-0.019826082599878118,-0.01,0.0,0.0,0.0,-0.01
2210010001200000,0.0,0.0,0.0,0.0,0.0,0.0,0.0,0.0,0.0
2210110001200000,-0.01,0.0,-0.01,0.0,0.0,-0.009719014151859032,0.0,0.0,0.0
2210110021200000,0.0,0.0,0.0,0.0,0.0,0.0,0.0,0.0,0.0
0020210000100000,0.0,0.0,0.0,0.0,0.0,0.0,0.0,0.0,0.0
0120010022100000,0.0,0.0,0.0,0.0,0.0,0.0,0.0,0.0,0.0
0000012010200000,0.0,0.0,0.0,0.0,0.0,0.0,0.0,0.0,0.0
0100110002200000,0.0,0.0,0.0,0.0,0.0,0.0,-0.037125311877555106,0.0,0.0
1000122000000000,0.0,0.0,0.0,0.0,0.0,0.0,0.0,0.0,0.0
1100122000000000,0.0,0.0,0.01,-0.01,0.0,-0.01,0.0,0.0,0.0
1100122000200000,0.0,0.0,0.0,0.0,0.0,0.0,0.0,0.0,0.0
